"Cluster","ID","Description","GeneRatio","BgRatio","RichFactor","FoldEnrichment","zScore","pvalue","p.adjust","qvalue","geneID","Count"
"Early to Thin (Up)","GO:0002181","cytoplasmic translation","59/484","181/6447",0.325966850828729,4.34195927126615,12.9921393997993,9.49333178944649e-24,1.2160958022281e-20,1.0792419297476e-20,"851484/851478/851427/851344/851336/852058/852082/852111/856656/856784/856805/856853/856868/850592/852852/852804/852775/852730/852976/853051/856401/856544/854759/853250/853249/853557/853864/853969/850764/850827/850909/850969/850994/851035/851169/854984/854982/854939/854883/855232/855283/855302/9164934/9164945/9164928/855658/855655/855628/855547/855543/854117/854029/854263/854468/854489/856026/855826/856156/856217",59
"Early to Thin (Up)","GO:0045333","cellular respiration","29/484","112/6447",0.258928571428571,3.44899276859504,7.44832521989554,1.70818741903735e-09,1.09409404189342e-06,9.70969690821228e-07,"852260/852250/851492/852098/852142/856794/850610/853159/853230/853507/853584/853585/850727/850871/851013/851111/855014/855298/855700/855691/855675/855606/855732/854303/854538/855866/855857/856107/856321",29
"Early to Thin (Up)","GO:0042274","ribosomal small subunit biogenesis","30/484","145/6447",0.206896551724138,2.75591336563123,6.09232850654342,2.27577418700783e-07,7.00363824142029e-05,6.21548075166105e-05,"852337/852479/852487/851388/851589/851893/852058/856805/856839/852972/853029/856462/850649/850757/850864/850969/851154/854984/854982/854939/855174/855628/855414/854152/854117/854028/854263/854487/854551/856015",30
"Early to Thin (Up)","GO:0042255","ribosome assembly","20/484","85/6447",0.235294117647059,3.13417598444336,5.64258728327624,3.08545606205478e-06,0.000439163246165796,0.000389741818364814,"852337/851589/852058/856656/856868/852976/853864/853860/853969/850695/850764/850864/850969/851169/854984/855414/854117/854028/854551/856217",20
"Early to Thin (Up)","GO:1902600","proton transmembrane transport","23/484","108/6447",0.212962962962963,2.83671946740129,5.48377664626985,3.57102858658753e-06,0.000457448761941863,0.000405969565633109,"851560/851492/851352/851922/852142/852149/856640/853216/853585/853853/853663/850727/850827/851002/851111/854893/855298/855675/855809/854077/855857/856131/856321",23
"Early to Thin (Up)","GO:0015986","proton motive force-driven ATP synthesis","9/484","20/6447",0.45,5.99411157024793,6.37242180528035,5.588662784995e-06,0.000596300945775607,0.000529195958287239,"851560/851922/853585/853853/851002/854893/854077/855857/856131",9
"Early to Thin (Up)","GO:0000028","ribosomal small subunit assembly","10/484","25/6447",0.4,5.32809917355372,6.17685610270887,6.05145378226611e-06,0.000596300945775607,0.000529195958287239,"852337/851589/852058/850864/850969/854984/855414/854117/854028/854551",10
"Early to Thin (Up)","GO:0007007","inner mitochondrial membrane organization","12/484","37/6447",0.324324324324324,4.3200804109895,5.76973512639324,9.12484632542237e-06,0.000834923438776147,0.00074096496477114,"852388/852483/852566/851922/856693/850563/853093/856395/853600/850865/851002/856131",12
"Early to Thin (Up)","GO:0030490","maturation of SSU-rRNA","23/484","120/6447",0.191666666666667,2.55304752066116,4.89228644448707,2.25048988272723e-05,0.00169581031751387,0.00150497156244298,"852337/852479/852487/851388/851589/851893/856805/856839/852972/853029/856462/850649/850757/850864/850969/851154/854982/854939/855174/854152/854487/854551/856015",23
"Early to Thin (Up)","GO:0006163","purine nucleotide metabolic process","24/484","140/6447",0.171428571428571,2.28347107438017,4.37395302463214,9.91793811222921e-05,0.00529369946740234,0.00469797068474015,"852554/851560/851812/851922/852009/852617/854651/853585/853853/853955/850871/851002/854986/854893/855176/855480/854077/854262/854295/854397/856044/855857/856131/856188",24
"Early to Thin (Up)","GO:0006839","mitochondrial transport","17/484","84/6447",0.202380952380952,2.69576446280992,4.4566613855601,0.000131098774166675,0.00610008628522604,0.00541361040966689,"852250/852388/856693/856779/853093/853158/856395/853503/853540/853600/850694/850963/855243/855282/854185/854210/854397",17
"Early to Thin (Up)","GO:0009070","serine family amino acid biosynthetic process","8/484","24/6447",0.333333333333333,4.4400826446281,4.80995444042378,0.000238616129397717,0.00926264429571138,0.00822026857255293,"851221/856778/854736/854834/853869/850747/851010/856296",8
"Early to Thin (Up)","GO:0071826","protein-RNA complex organization","28/484","185/6447",0.151351351351351,2.01603752512843,3.99461112572459,0.000250057348528061,0.00942127833718958,0.00836105066285775,"852337/851589/852058/856656/852976/853516/853864/853860/853969/850695/850764/850864/850969/851035/851169/854984/855224/855302/9164888/9164899/9164900/9164922/855547/855414/854117/854028/854551/856217",28
"Early to Thin (Up)","GO:0019400","alditol metabolic process","7/484","19/6447",0.368421052631579,4.90745976511527,4.85924512883713,0.000292437969782241,0.01070322969403,0.00949873706360363,"856639/850491/856353/854651/853624/855810/855900",7
"Early to Thin (Up)","GO:0005975","carbohydrate metabolic process","36/484","265/6447",0.135849056603774,1.80954311554655,3.83383879010293,0.000316327744854917,0.011011031242161,0.0097719000300209,"852600/852602/852123/856639/856720/856794/850491/850569/850603/852856/852818/853102/856353/856439/854683/854651/854644/853418/853487/853624/853972/850871/851092/854980/855176/855255/855352/855606/855480/855732/855804/855808/855810/854262/855900/856107",36
"Early to Thin (Up)","GO:0019752","carboxylic acid metabolic process","45/484","358/6447",0.125698324022346,1.67433284085138,3.74005736885017,0.000350839997212571,0.0115237445238283,0.0102269148985041,"851221/851285/852266/852378/850332/850400/851307/851956/851987/852123/856638/856778/856782/856794/850610/852818/852729/853025/853203/856539/854736/854834/853230/853466/853869/850664/850747/850871/851010/851087/851158/855691/855606/855444/855732/854096/854303/854557/856044/855993/855866/856107/856108/856114/856296",45
"Early to Thin (Up)","GO:0140694","membraneless organelle assembly","26/484","171/6447",0.152046783625731,2.0253008554444,3.87117972209437,0.000384336892209477,0.0122357414592961,0.0108587869477298,"852337/851589/852058/852119/856656/856868/852751/852976/853002/853864/853860/853969/850695/850764/850864/850969/851169/854984/855013/855414/854117/854028/854223/854551/856217/856236",26
"Early to Thin (Up)","GO:0170038","proteinogenic amino acid biosynthetic process","19/484","109/6447",0.174311926605505,2.32187808021836,3.96518960815866,0.000417653266059891,0.0122357414592961,0.0108587869477298,"851956/856778/856782/853025/856539/854736/854834/853230/853869/850664/850747/851010/851158/855691/855444/854096/854303/854557/856296",19
"Early to Thin (Up)","GO:0046942","carboxylic acid transport","15/484","76/6447",0.197368421052632,2.62899630274032,4.06966366739753,0.000429826983347639,0.0122357414592961,0.0108587869477298,"851230/852360/852361/850333/851713/852121/852946/853158/856349/853558/853663/853882/855282/854397/855863",15
"Early to Thin (Up)","GO:0015849","organic acid transport","15/484","78/6447",0.192307692307692,2.5615861411316,3.95287471433323,0.0005748483403727,0.0153020132487558,0.0135799945015458,"851230/852360/852361/850333/851713/852121/852946/853158/856349/853558/853663/853882/855282/854397/855863",15
"Early to Thin (Up)","GO:0006812","monoatomic cation transport","30/484","214/6447",0.14018691588785,1.86732447671275,3.6759987304747,0.000585322911154592,0.0153020132487558,0.0135799945015458,"852250/852599/851560/851492/851352/851713/851922/852142/852149/856640/856779/856888/853216/853585/853853/853663/850651/850727/850827/851002/851111/854893/855080/855298/855675/855809/854077/855857/856131/856321",30
"Early to Thin (Up)","GO:0006119","oxidative phosphorylation","10/484","41/6447",0.24390243902439,3.24884095948398,4.11521595467967,0.000694462630847763,0.0171078198099228,0.0151825838322993,"851492/852142/853507/853585/850727/851111/855298/855675/855857/856321",10
"Early to Thin (Up)","GO:0170034","L-amino acid biosynthetic process","18/484","105/6447",0.171428571428571,2.28347107438017,3.77748756036248,0.000723076678554178,0.0174766268910925,0.0155098870474382,"851956/856778/856782/853025/856539/854736/854834/853230/853869/850664/851010/851158/855691/855444/854096/854303/854557/856296",18
"Early to Thin (Up)","GO:0070972","protein localization to endoplasmic reticulum","12/484","58/6447",0.206896551724138,2.75591336563123,3.82680263256982,0.00102793254455685,0.0215120170479618,0.0190911528097282,"851226/851264/852240/851458/856840/852675/853418/853789/851095/854949/855056/9164887",12
"Early to Thin (Up)","GO:0012501","programmed cell death","10/484","43/6447",0.232558139534884,3.09773207764751,3.93182348316113,0.00103664403068301,0.0215120170479618,0.0190911528097282,"852250/852341/851561/851596/856584/853222/854897/855176/854372/855932",10
"Early to Thin (Up)","GO:0046390","ribose phosphate biosynthetic process","13/484","66/6447",0.196969696969697,2.62368519909842,3.77715540923322,0.00104533101003183,0.0215120170479618,0.0190911528097282,"851560/851812/851922/852617/853585/853853/851002/854986/854893/854077/854295/855857/856131",13
"Early to Thin (Up)","GO:0044283","small molecule biosynthetic process","42/484","349/6447",0.120343839541547,1.603009780009,3.29973289354163,0.00134178814900069,0.026856728419842,0.023834394751986,"851221/852378/852559/850400/851386/851956/851987/852098/852123/856638/856778/856782/850485/852818/852729/853025/853203/856539/854736/854834/853230/853869/853972/850664/850747/851010/851087/851092/851158/854986/854980/854887/855691/855444/854096/854262/854303/854557/856044/855900/855824/856296",42
"Early to Thin (Up)","GO:0097237","cellular response to toxic substance","9/484","38/6447",0.236842105263158,3.15479556328839,3.79523053837598,0.00160104889308469,0.0310749035157801,0.0275778756703583,"851280/851386/856399/856452/853565/853792/853951/851079/854980",9
"Early to Thin (Up)","GO:0009636","response to toxic substance","11/484","56/6447",0.196428571428571,2.61647727272727,3.46110388140399,0.0025588618066633,0.0470594797378231,0.0417636206227445,"851280/851386/853149/856399/856452/853565/853792/853951/851079/854980/854324",11
"Early to Thin (Up)","GO:0006123","mitochondrial electron transport, cytochrome c to oxygen","5/484","14/6447",0.357142857142857,4.75723140495868,4.00922668784349,0.00264502930610715,0.0470594797378231,0.0417636206227445,"851492/853507/851111/855298/855675",5
"Early to Thin (Up)","GO:0045039","protein insertion into mitochondrial inner membrane","5/484","14/6447",0.357142857142857,4.75723140495868,4.00922668784349,0.00264502930610715,0.0470594797378231,0.0417636206227445,"852388/856693/853093/856395/853600",5
"Early to Thin (Up)","GO:0006457","protein folding","20/484","137/6447",0.145985401459854,1.94456174217289,3.18354785058968,0.0028979151012438,0.0492109581703456,0.043672981489768,"852364/850314/851458/851967/856840/850602/853043/853125/853418/853503/853789/850914/850963/854980/854897/855224/855569/854185/854462/855998",20
"Early to Thin (Down)","GO:0046496","nicotinamide nucleotide metabolic process","30/438","86/6447",0.348837209302326,5.13459700541574,10.4207941593609,1.29550715200699e-14,1.18453529450341e-11,1.03011559634101e-11,"851193/852414/852495/850370/851541/851539/851474/851620/852934/853155/853163/853172/856579/856609/853395/853465/853805/853705/850933/851167/855363/855373/855594/855521/854095/854068/853984/854525/854575/856030",30
"Early to Thin (Down)","GO:0072523","purine-containing compound catabolic process","22/438","47/6447",0.468085106382979,6.88982803847275,10.9406383143223,3.68306581848892e-14,1.19819768084915e-11,1.04199691159037e-11,"851193/852495/850370/851541/851360/851620/853155/856579/856609/854845/853395/853465/853805/853705/851167/855321/855373/855581/853984/854525/854575/856030",22
"Early to Thin (Down)","GO:0019364","pyridine nucleotide catabolic process","18/438","33/6447",0.545454545454545,8.02864259028643,10.9281099473048,2.71904424383906e-13,6.94443899876496e-11,6.03914037315834e-11,"851193/852495/850370/851541/851620/853155/856579/856609/853395/853465/853805/853705/851167/855373/853984/854525/854575/856030",18
"Early to Thin (Down)","GO:0006090","pyruvate metabolic process","21/438","47/6447",0.446808510638298,6.57665403672399,10.3589025725993,4.50478993289142e-13,9.58769457383724e-11,8.3378129459657e-11,"851193/852495/850370/851541/851620/850616/853155/856579/853395/853465/853805/853705/850733/850825/851167/855373/853984/854525/854575/856090/856030",21
"Early to Thin (Down)","GO:0046434","organophosphate catabolic process","24/438","64/6447",0.375,5.51969178082192,9.80996567603675,9.98508007222781e-13,1.03333784349817e-10,8.98628714413358e-11,"851193/852495/850370/850432/851541/851539/851620/856759/853155/856579/856609/853395/853465/853805/853705/853902/851167/855373/854095/853984/854525/854575/856030/855895",24
"Early to Thin (Down)","GO:0005975","carbohydrate metabolic process","52/438","265/6447",0.19622641509434,2.88829154820367,8.47439278892789,1.08798177627453e-12,1.03333784349817e-10,8.98628714413358e-11,"851193/852306/852495/852541/850342/850370/851541/851539/851511/851474/851620/851646/856791/852934/853045/853155/853163/853172/853209/856504/856579/856617/854766/854758/854708/853395/853465/853559/853828/853805/853705/853932/850733/850825/850886/851007/851167/854932/855321/855373/855479/854095/854068/853994/853988/853984/854212/854525/854575/856030/856137/856314",52
"Early to Thin (Down)","GO:0006096","glycolytic process","17/438","31/6447",0.548387096774194,8.07180733539549,10.6551653433764,1.1328684267012e-12,1.03333784349817e-10,8.98628714413358e-11,"851193/852495/850370/851541/851620/853155/856579/853395/853465/853805/853705/851167/855373/853984/854525/854575/856030",17
"Early to Thin (Down)","GO:1901136","carbohydrate derivative catabolic process","20/438","57/6447",0.350877192982456,5.16462388848834,8.52597173426561,3.30780982437291e-10,1.45657694680145e-08,1.26669305434244e-08,"851193/852495/850370/851541/851539/851620/853155/856579/853395/853465/853805/853705/851167/855321/855373/854095/853984/854525/854575/856030",20
"Early to Thin (Down)","GO:0046034","ATP metabolic process","18/438","53/6447",0.339622641509434,4.99896614112174,7.89187957694848,4.72849427354881e-09,1.94783457655543e-07,1.69390881446316e-07,"851193/852495/850370/851541/851620/853155/856579/853395/853326/853465/853805/853705/851167/855373/853984/854525/854575/856030",18
"Early to Thin (Down)","GO:0006091","generation of precursor metabolites and energy","39/438","218/6447",0.178899082568807,2.63324745507101,6.62296065957497,1.40986024337286e-08,5.00108758551984e-07,4.3491302829192e-07,"851193/852414/852495/852540/850370/851541/851474/851620/852934/853155/853163/853172/856579/854766/854708/854695/853395/853326/853465/853805/853705/853932/850733/850776/850825/850861/851167/854932/855145/855363/855373/855479/854068/853994/853984/854525/854575/856030/856314",39
"Early to Thin (Down)","GO:0044282","small molecule catabolic process","28/438","138/6447",0.202898550724638,2.98649990073456,6.36837943178843,1.11209577301581e-07,3.30266581893299e-06,2.87212005026114e-06,"852306/852507/850295/851620/856728/850616/852667/852902/852978/853155/856504/856615/856617/854646/853559/853613/853878/850733/850825/850833/850933/854932/855291/855321/854099/854545/854573/856010",28
"Early to Thin (Down)","GO:0006066","alcohol metabolic process","25/438","133/6447",0.18796992481203,2.76676279740447,5.5581835085992,2.40209255962178e-06,6.39056708049379e-05,5.55747291754602e-05,"851239/851238/852542/851474/851620/856791/852883/852872/852951/852978/853047/853086/856478/854758/850733/850825/854932/854900/855029/855092/855753/854099/854095/854068/856239",25
"Early to Thin (Down)","GO:0044283","small molecule biosynthetic process","47/438","349/6447",0.134670487106017,1.98223888212898,5.09351077327885,3.34792652941916e-06,8.72510648585361e-05,7.58767451887694e-05,"851239/851238/852495/852541/852542/850342/850370/851620/856791/850616/852883/852872/852825/852951/852978/853047/853086/856464/856615/854758/853395/853465/853613/853805/853705/850733/850825/850933/854900/855021/855029/855092/855205/855206/855247/855313/855315/855321/855382/854099/854068/853994/854212/854573/856010/856147/856239",47
"Early to Thin (Down)","GO:0046165","alcohol biosynthetic process","19/438","87/6447",0.218390804597701,3.21453314438671,5.61428373133527,4.06518191566276e-06,0.000103596226257445,9.00911006071836e-05,"851239/851238/852542/856791/852883/852872/852951/852978/853047/853086/854758/850733/850825/854900/855029/855092/854099/854068/856239",19
"Early to Thin (Down)","GO:0071555","cell wall organization","36/438","241/6447",0.149377593360996,2.19871539816973,5.1203520698139,4.85054085582353e-06,0.00011687057873371,0.000101634967286868,"852169/852331/850398/850412/850451/851511/851359/851649/851866/851887/856729/856755/852905/853045/853140/856357/856416/856478/856502/856541/853326/853529/853615/853616/853766/853765/853729/853889/851007/851156/855214/855527/853988/854173/854174/854259",36
"Early to Thin (Down)","GO:0071852","fungal-type cell wall organization or biogenesis","32/438","210/6447",0.152380952380952,2.24292237442922,4.94364054249165,1.09193690456519e-05,0.000253527895841772,0.000220477212309335,"852169/852331/850398/850412/851511/851359/851649/851866/851887/856729/856755/856807/852905/853045/853140/856478/856502/856541/854687/853326/853529/853615/853616/853766/853765/853729/853889/851007/855527/853988/854173/854174",32
"Early to Thin (Down)","GO:0015677","copper ion import","6/438","11/6447",0.545454545454545,8.02864259028643,6.2985544556034,3.27456085176161e-05,0.000720967966844754,0.000626980344575045,"850911/855369/854013/854563/854566/856241",6
"Early to Thin (Down)","GO:0031667","response to nutrient levels","27/438","174/6447",0.155172413793103,2.28401039206424,4.63539366491679,3.87700307660251e-05,0.000825155488136901,0.00071758565716064,"852169/852541/850391/851646/856647/856759/850511/852809/852695/852905/853019/853390/853529/853603/853803/853904/850619/850742/850870/851021/855580/855736/854104/854228/854344/854573/855937",27
"Early to Thin (Down)","GO:0010506","regulation of autophagy","14/438","61/6447",0.229508196721311,3.37817201886369,5.03819333696756,4.23453272861492e-05,0.000872177144264719,0.000758477424225593,"850441/851646/856647/856916/850511/852695/852657/853045/853275/853529/853603/850870/855596/853982",14
"Early to Thin (Down)","GO:0046395","carboxylic acid catabolic process","17/438","87/6447",0.195402298850575,2.87616123445127,4.75644337166095,6.01075258580166e-05,0.00121837000826488,0.00105953951178292,"850295/856728/850616/852667/852902/852978/856615/854646/853613/853878/850733/850825/850833/850933/855291/854545/856010",17
"Early to Thin (Down)","GO:0031669","cellular response to nutrient levels","24/438","151/6447",0.158940397350993,2.33947201306359,4.49646131862075,7.05678838024588e-05,0.00138638750178061,0.00120565372326468,"852169/852541/850391/851646/856647/856759/850511/852809/852695/852905/853390/853529/853603/853803/853904/850619/850742/850870/851021/854104/854228/854344/854573/855937",24
"Early to Thin (Down)","GO:0055085","transmembrane transport","53/438","484/6447",0.109504132231405,1.61181082304993,3.77823124715274,0.000275574270440349,0.00484972926629694,0.00421750350405413,"852331/852537/850369/850403/851539/851417/851317/851944/851946/852015/856855/852876/853019/853026/853104/853139/853175/856357/856492/856494/856496/856565/854695/854846/853276/853246/853218/853636/853968/850690/850845/850938/855113/855187/855322/855369/855660/855622/855580/855736/854080/853994/853990/854237/854259/854332/854447/854483/854530/854572/856071/856231/856241",53
"Early to Thin (Down)","GO:0044248","cellular catabolic process","18/438","109/6447",0.165137614678899,2.43068995852708,4.06690253415109,0.000347761811512097,0.00569348504231985,0.0049512646578308,"850295/856728/850616/852667/852902/852978/856615/854646/853613/853878/850733/850825/850833/850933/855291/854099/854545/856010",18
"Early to Thin (Down)","GO:0009894","regulation of catabolic process","24/438","168/6447",0.142857142857143,2.1027397260274,3.90988085485792,0.000379190855172315,0.00605283402568808,0.00526376779219463,"852169/850441/851646/856647/856916/850511/852695/852657/853045/853140/853275/853529/853553/853603/850870/855611/855596/853984/853982/854344/854525/854545/856030/856155",24
"Early to Thin (Down)","GO:0007039","protein catabolic process in the vacuole","5/438","12/6447",0.416666666666667,6.13299086757991,4.80471844045709,0.000751034941003468,0.011555079754957,0.0100487236874909,"856649/852905/855212/854164/854228",5
"Early to Thin (Down)","GO:0016125","sterol metabolic process","11/438","54/6447",0.203703703703704,2.99835109081684,3.9810480868225,0.000833228956840121,0.0126670640224385,0.0110157462339139,"852883/852872/852951/853086/850648/850886/854900/855029/855092/855457/855753",11
"Early to Thin (Down)","GO:0016042","lipid catabolic process","12/438","67/6447",0.17910447761194,2.63627070128808,3.63465605286153,0.00161697999294348,0.0228066590100582,0.0198335121424485,"852481/850432/851449/852667/854646/853878/853902/850648/854248/854545/856010/855895",12
"Early to Thin (Down)","GO:0007265","Ras protein signal transduction","6/438","20/6447",0.3,4.41575342465753,4.13027020240517,0.00162202008738657,0.0228066590100582,0.0198335121424485,"852437/850405/854687/853452/853275/850875",6
"Early to Thin (Down)","GO:0015804","neutral amino acid transport","6/438","20/6447",0.3,4.41575342465753,4.13027020240517,0.00162202008738657,0.0228066590100582,0.0198335121424485,"852331/856647/856855/855660/855622/854530",6
"Early to Thin (Down)","GO:0046942","carboxylic acid transport","13/438","76/6447",0.171052631578947,2.51775414563807,3.59323420520745,0.00162522002342623,0.0228066590100582,0.0198335121424485,"852331/851317/856647/856855/853104/853175/853366/853246/855660/855622/855736/854495/854530",13
"Early to Thin (Down)","GO:0016126","sterol biosynthetic process","9/438","42/6447",0.214285714285714,3.1541095890411,3.78106354291808,0.00168603956731477,0.0230157782107266,0.0200153699149458,"852883/852872/852951/853086/850886/854900/855029/855092/855457",9
"Early to Thin (Down)","GO:0006071","glycerol metabolic process","5/438","14/6447",0.357142857142857,5.25684931506849,4.30453876408085,0.00169419197479115,0.0230157782107266,0.0200153699149458,"851620/856791/854758/854932/854095",5
"Early to Thin (Down)","GO:0170035","L-amino acid catabolic process","8/438","37/6447",0.216216216216216,3.18252499074417,3.59428223493125,0.00285093288652825,0.0360459534266987,0.0313468910399927,"850295/850616/852978/850733/850825/850833/850933/855291",8
"Early to Thin (Down)","GO:0170040","proteinogenic amino acid catabolic process","8/438","37/6447",0.216216216216216,3.18252499074417,3.59428223493125,0.00285093288652825,0.0360459534266987,0.0313468910399927,"850295/850616/852978/850733/850825/850833/850933/855291",8
"Early to Thin (Down)","GO:0006569","L-tryptophan catabolic process","4/438","10/6447",0.4,5.88767123287671,4.17581581597263,0.00317415084067259,0.0386037202241799,0.0335712194176399,"852978/850733/850825/850933",4
"Early to Thin (Down)","GO:0015761","mannose transmembrane transport","5/438","16/6447",0.3125,4.59974315068493,3.89200468527972,0.00330007419040544,0.0390203216772939,0.0339335114120637,"851944/851946/856492/856494/856496",5
"Early to Thin (Down)","GO:0061919","process utilizing autophagic mechanism","28/438","242/6447",0.115702479338843,1.70304539793954,3.00954792559965,0.00363546671294547,0.0422044635675579,0.0367025586809327,"852169/850432/850441/851646/856649/856647/856916/850511/852695/852657/852940/853045/854660/853275/853529/853603/853729/853889/850619/850870/851021/851141/854867/855596/855479/853982/854184/855937",28
"Early to Thin (Down)","GO:0008204","ergosterol metabolic process","8/438","39/6447",0.205128205128205,3.01931858096242,3.41473493191639,0.00403148518236469,0.0451597068235062,0.0392725472520291,"852883/852872/852951/853086/854900/855029/855092/855753",8
"Early to Thin (Down)","GO:0008643","carbohydrate transport","8/438","39/6447",0.205128205128205,3.01931858096242,3.41473493191639,0.00403148518236469,0.0451597068235062,0.0392725472520291,"851417/851944/851946/856492/856494/856496/856137/856231",8
"Early to Thin (Down)","GO:0015695","organic cation transport","8/438","39/6447",0.205128205128205,3.01931858096242,3.41473493191639,0.00403148518236469,0.0451597068235062,0.0392725472520291,"851317/856855/853104/850938/855622/854237/854447/854495",8
"Early to Thin (Down)","GO:0019725","cellular homeostasis","28/438","245/6447",0.114285714285714,1.68219178082192,2.93903493050634,0.00432853368867737,0.0476511855210431,0.0414392290522198,"852331/852537/851539/851417/851663/856869/852876/852809/853019/853155/853361/853686/853891/853904/850911/851167/855350/855580/855736/854160/854052/853990/854013/854441/854563/854566/856071/855879",28
"Early to Thin (Down)","GO:0006734","NADH metabolic process","5/438","17/6447",0.294117647058824,4.32917002417405,3.71053090907539,0.00441805574842754,0.0478123490740845,0.0415793828241842,"851539/851474/853155/854095/854068",5
"Thin to Mature (Up)","GO:0006112","energy reserve metabolic process","18/620","44/6447",0.409090909090909,4.25388563049853,7.06407591266249,3.65125867935749e-08,5.07890082298627e-05,4.73126256240954e-05,"852222/856705/856781/856797/850553/850569/850572/854766/854753/854708/853304/853932/850962/855131/855359/854350/856289/856314",18
"Thin to Mature (Up)","GO:0005978","glycogen biosynthetic process","12/620","23/6447",0.521739130434783,5.42524544179523,6.93452952485305,2.8210519451066e-07,0.000196204162782164,0.000182774470759275,"856705/856781/850569/850572/854766/853304/853932/850962/855131/855359/854350/856314",12
"Thin to Mature (Up)","GO:0016051","carbohydrate biosynthetic process","24/620","92/6447",0.260869565217391,2.71262272089762,5.39655147470615,3.72929629316788e-06,0.000864575190632754,0.000805397146822748,"852402/852423/852519/851646/851842/852088/856705/856781/850569/850572/852957/853144/854766/853356/853304/853932/850962/851056/854872/855131/855323/855359/854350/856314",24
"Thin to Mature (Up)","GO:0009628","response to abiotic stimulus","37/620","187/6447",0.197860962566845,2.0574348801104,4.78636434562973,1.35741075569956e-05,0.00269736908739726,0.00251274081243031,"851259/851205/852423/851539/851564/851610/851751/851845/856750/856893/856904/850532/850530/852891/852957/856504/856514/854706/853297/853836/853729/850650/850633/855055/855092/855213/855224/855725/855645/855633/855450/854104/854350/856103/855871/855836/856117",37
"Thin to Mature (Up)","GO:0009653","anatomical structure morphogenesis","38/620","200/6447",0.19,1.9756935483871,4.5720520344508,2.72517203275386e-05,0.00421190477506736,0.0039236102600234,"852222/852348/852445/852478/852552/851488/851304/851303/851658/851733/851866/852011/852012/856649/856851/852826/856541/856557/854708/853556/853766/850619/850968/851017/851041/851056/851115/855055/855226/855697/855640/855584/855541/855527/854109/854291/854473/855982",38
"Thin to Mature (Up)","GO:0030435","sporulation resulting in formation of a cellular spore","33/620","168/6447",0.196428571428571,2.04254032258065,4.46602085644546,4.6235316650002e-05,0.00535944378834606,0.00499260305229407,"852222/852348/852445/852478/852552/851488/851304/851733/851866/852011/852012/856649/856851/852826/856541/856557/854708/853556/853766/850619/850968/851017/851041/851056/851115/855055/855226/855697/855640/855527/854109/854473/855982",33
"Thin to Mature (Up)","GO:0005991","trehalose metabolic process","6/620","11/6447",0.545454545454545,5.67184750733138,5.05819385675604,0.000233828534681687,0.0180697495412348,0.0168329196604185,"852423/851564/851646/854872/855131/856137",6
"Thin to Mature (Up)","GO:0007039","protein catabolic process in the vacuole","6/620","12/6447",0.5,5.1991935483871,4.74898421677906,0.00042978616617157,0.031464871428666,0.0293111784242218,"852402/852589/856649/852957/853950/855212",6
"Thin to Mature (Up)","GO:0031667","response to nutrient levels","31/620","174/6447",0.17816091954023,1.85258620689655,3.71872247913961,0.000489431953312829,0.0340399923529072,0.0317100386593733,"852200/852340/852515/851610/851646/851992/852088/856759/856922/852702/852695/852663/852957/853031/1466460/854706/853761/853881/853950/850650/850647/850619/850742/850974/855171/855372/855725/855736/854104/854344/854465",31
"Thin to Mature (Up)","GO:0000290","deadenylation-dependent decapping of nuclear-transcribed mRNA","6/620","13/6447",0.461538461538462,4.79925558312655,4.47247729510115,0.000733660790987452,0.0463873709210702,0.0432122695552896,"851389/856757/852650/853631/850974/854344",6
"Thin to Mature (Up)","GO:0043161","proteasome-mediated ubiquitin-dependent protein catabolic process","23/620","119/6447",0.19327731092437,2.00977229601518,3.62645408369495,0.000813795517177311,0.0492169375823322,0.045848159343033,"851259/852222/852397/852402/852467/851557/851805/851842/851967/850554/850562/852957/853168/856422/854735/853297/855725/855567/854291/854435/856098/855998/856218",23
"Thin to Mature (Down)","GO:0072521","purine-containing compound metabolic process","40/450","190/6447",0.210526315789474,3.01614035087719,7.72678570538082,1.30236028386504e-10,1.26510994940503e-07,1.08447413588914e-07,"851193/851272/852310/852522/850370/852008/852009/856766/852751/852617/852639/852952/853159/853169/856579/856589/854808/854845/854849/854850/853395/853569/853654/850846/850871/851073/854986/855149/855248/855288/855349/855750/855779/854098/854093/853984/854384/855855/856132/856188",40
"Thin to Mature (Down)","GO:0008610","lipid biosynthetic process","45/450","234/6447",0.192307692307692,2.7551282051282,7.49118427541073,2.08764018053635e-10,1.26510994940503e-07,1.08447413588914e-07,"851224/852241/852317/850411/851547/851701/852044/856766/852883/852825/852751/852738/852924/852951/853061/856386/856398/856442/856464/856470/856523/853243/853810/853690/853653/853944/850745/850777/851061/851087/855026/855029/855103/855242/855248/855612/855593/855564/855441/855750/855779/856079/855955/855928/855845",45
"Thin to Mature (Down)","GO:0055085","transmembrane transport","71/450","484/6447",0.146694214876033,2.1016391184573,6.90262067983818,5.38162902858077e-10,2.17417812754663e-07,1.86374310568745e-07,"852360/852401/852597/852598/850333/850394/850462/851352/851616/851713/851738/851954/856689/856686/856645/856644/856761/856783/856888/850494/850490/850489/852803/852764/852738/852688/852639/852638/856370/856345/856391/856447/856448/856580/854692/853246/853218/853617/853739/853680/853912/853926/853980/850721/850827/850885/854924/855080/855113/855261/855282/855284/855675/855622/855580/855425/853994/853983/854246/854324/854428/854506/854572/855899/855863/855854/856121/856132/856171/856324/856331",71
"Thin to Mature (Down)","GO:0019637","organophosphate metabolic process","63/450","423/6447",0.148936170212766,2.13375886524823,6.60743319912249,3.18126291917882e-09,7.71138131608945e-07,6.61032947627261e-07,"851224/851193/851272/852241/852317/852522/850370/850411/850432/851701/852008/852009/852044/856683/856766/850491/852777/852751/852617/852639/852952/853061/853159/853169/856442/856523/856579/856589/854808/853395/853569/853621/853690/853654/853668/853944/850701/850777/850846/850871/851061/851073/851092/854986/855026/855103/855121/855149/855248/855288/855349/855593/855564/855750/855779/854098/854093/853984/854384/855928/855899/856132/856188",63
"Thin to Mature (Down)","GO:0006865","amino acid transport","19/450","59/6447",0.322033898305085,4.61367231638418,7.63794811454149,7.58982095767052e-09,1.42806266822333e-06,1.22416002565262e-06,"852360/852401/850333/851616/851738/851954/856645/850489/852803/853680/853678/853912/853980/855113/855622/855863/855854/856132/856171",19
"Thin to Mature (Down)","GO:0032787","monocarboxylic acid metabolic process","35/450","175/6447",0.2,2.86533333333333,6.85262290666904,8.24788669765951e-09,1.42806266822333e-06,1.22416002565262e-06,"851193/852522/850342/850332/850370/851547/856638/850616/852825/852639/853169/856464/856579/856589/854808/854849/853395/853243/853810/853653/850825/850846/850871/851087/855288/855750/854160/854098/853984/855955/855845/855849/856107/856108/856182",35
"Thin to Mature (Down)","GO:0044283","small molecule biosynthetic process","52/450","349/6447",0.148997134670487,2.13463228271251,5.96978269213285,8.69938233202989e-08,7.53117956172874e-06,6.45585741482218e-06,"852378/850342/850370/851547/851987/852008/856683/856665/856638/850616/852883/852825/852758/852951/856398/856411/856442/856464/856470/853395/853374/853243/853481/853569/853621/853810/853653/853972/850745/850825/851087/851092/854986/855029/855121/855242/855248/855349/855465/855441/855750/855779/853994/854557/856079/855955/855845/855855/855849/856173/856182/856234",52
"Thin to Mature (Down)","GO:0046942","carboxylic acid transport","20/450","76/6447",0.263157894736842,3.77017543859649,6.65418162940612,1.38417626703305e-07,9.86836256261213e-06,8.45933111802864e-06,"852360/852401/850333/850394/851713/856645/852803/853246/853617/853739/853680/853648/853912/853980/855282/855288/855622/855863/856132/856171",20
"Thin to Mature (Down)","GO:0043603","amide metabolic process","22/450","109/6447",0.201834862385321,2.89162079510703,5.45576423254543,4.48425555489038e-06,0.000241357771965586,0.00020689605778186,"852378/852507/852522/852584/851713/852751/853159/856386/854808/854845/854849/854850/850666/850846/851006/851065/855248/855288/855465/855750/855779/856182",22
"Thin to Mature (Down)","GO:1901135","carbohydrate derivative metabolic process","44/450","313/6447",0.140575079872204,2.01397231096912,5.03745015269998,4.58022174522151e-06,0.000241357771965586,0.00020689605778186,"851193/851272/852241/852310/850370/850411/852008/852009/852023/852044/856766/850491/852857/852617/852639/852924/852952/853169/856579/856589/853395/853569/853608/853690/853654/853898/850707/850777/851073/851092/854989/854986/855026/855149/855564/855796/854098/854093/853984/854024/854233/855928/855855/856188",44
"Thin to Mature (Down)","GO:0006696","ergosterol biosynthetic process","11/450","35/6447",0.314285714285714,4.50266666666667,5.6914176687091,1.52358113517113e-05,0.000710223206087465,0.000608815619600771,"852883/852951/856398/856470/850745/855029/855242/855248/855441/855779/856079",11
"Thin to Mature (Down)","GO:0035383","thioester metabolic process","9/450","25/6447",0.36,5.1576,5.70508265174654,2.70498993563224e-05,0.00107412434992234,0.000920757975832338,"852522/852751/853159/854808/850846/855248/855288/855750/855779",9
"Thin to Mature (Down)","GO:1902653","secondary alcohol biosynthetic process","11/450","37/6447",0.297297297297297,4.25927927927928,5.44600211882096,2.74734775970237e-05,0.00107412434992234,0.000920757975832338,"852883/852951/856398/856470/850745/855029/855242/855248/855441/855779/856079",11
"Thin to Mature (Down)","GO:0098771","inorganic ion homeostasis","21/450","114/6447",0.184210526315789,2.63912280701754,4.83663771285595,3.21094468333082e-05,0.00108101804338804,0.000926667369136701,"850411/852102/852117/856686/856644/850494/856345/856447/856580/850710/850721/850827/855035/855080/855284/854160/854246/854401/854563/854566/855899",21
"Thin to Mature (Down)","GO:0008654","phospholipid biosynthetic process","22/450","124/6447",0.17741935483871,2.54182795698925,4.74864332913799,3.82893269906146e-05,0.00125423417061148,0.00107515123014898,"851224/852241/852317/850411/851701/852044/856766/852751/853061/856442/856523/853690/853944/850777/851061/855026/855103/855248/855593/855564/855779/855928",22
"Thin to Mature (Down)","GO:0008204","ergosterol metabolic process","11/450","39/6447",0.282051282051282,4.0408547008547,5.2173636017578,4.73968165765072e-05,0.00147294722283915,0.0012626358424025,"852883/852951/856398/856470/850745/855029/855242/855248/855441/855779/856079",11
"Thin to Mature (Down)","GO:0000041","transition metal ion transport","15/450","69/6447",0.217391304347826,3.11449275362319,4.83696418983782,6.11667325740916e-05,0.0017493564581493,0.00149957862097738,"852598/851713/852117/856644/856888/856345/856447/856580/853926/850721/855080/855284/854246/854563/854566",15
"Thin to Mature (Down)","GO:0072523","purine-containing compound catabolic process","12/450","47/6447",0.25531914893617,3.65787234042553,5.00930462406453,6.35877904720852e-05,0.0017493564581493,0.00149957862097738,"851193/850370/852009/856766/852751/852639/853169/856579/854845/853395/854098/853984",12
"Thin to Mature (Down)","GO:0006188","IMP biosynthetic process","6/450","12/6447",0.5,7.16333333333333,5.85351030016623,7.19556775707765e-05,0.00181688085866211,0.00155746170531483,"851272/852008/852617/852952/851073/855149",6
"Thin to Mature (Down)","GO:1902652","secondary alcohol metabolic process","12/450","49/6447",0.244897959183673,3.50857142857143,4.82821695444649,9.8767745285237e-05,0.00230204821703283,0.00197335555863419,"852883/852951/856398/856470/850745/850871/855029/855242/855248/855441/855779/856079",12
"Thin to Mature (Down)","GO:0030003","intracellular monoatomic cation homeostasis","24/450","152/6447",0.157894736842105,2.26210526315789,4.31324261711388,0.00012011879444523,0.00269599960865961,0.00231105750716262,"852598/850411/852102/852117/856686/856644/850494/856345/856447/856580/850710/850721/850817/850827/855035/855080/855284/854160/854246/854324/854401/854563/854566/855899",24
"Thin to Mature (Down)","GO:0006879","intracellular iron ion homeostasis","12/450","54/6447",0.222222222222222,3.1837037037037,4.41390133905066,0.000266605662539991,0.00497117019997644,0.00426137310003192,"852117/856686/856644/856345/850721/850827/855035/855080/854401/854563/854566/855899",12
"Thin to Mature (Down)","GO:0035672","oligopeptide transmembrane transport","5/450","10/6447",0.5,7.16333333333333,5.34266919952653,0.000304338104213023,0.00542415165941464,0.00464967664394845,"852764/853218/853617/850885/856324",5
"Thin to Mature (Down)","GO:0043094","metabolic compound salvage","9/450","33/6447",0.272727272727273,3.90727272727273,4.58630200613357,0.000308800713283507,0.00542415165941464,0.00464967664394845,"852008/852009/856683/853481/853569/854986/854384/855855/856234",9
"Thin to Mature (Down)","GO:0006081","aldehyde metabolic process","10/450","42/6447",0.238095238095238,3.41111111111111,4.29404593194198,0.000479397140734047,0.00764512282328507,0.00655353154992388,"850342/850471/851354/856683/854849/853620/850871/855121/855385/855849",10
"Thin to Mature (Down)","GO:0006096","glycolytic process","8/450","31/6447",0.258064516129032,3.69720430107527,4.12331862642038,0.000997622337547097,0.0132741710039504,0.0113788490367371,"851193/850370/852639/853169/856579/853395/854098/853984",8
"Thin to Mature (Down)","GO:0046032","ADP catabolic process","8/450","31/6447",0.258064516129032,3.69720430107527,4.12331862642038,0.000997622337547097,0.0132741710039504,0.0113788490367371,"851193/850370/852639/853169/856579/853395/854098/853984",8
"Thin to Mature (Down)","GO:0006575","modified amino acid metabolic process","12/450","62/6447",0.193548387096774,2.77290322580645,3.84224281576194,0.00100761034023386,0.0132741710039504,0.0113788490367371,"852317/852378/852584/850432/851713/856766/853662/850666/851006/855465/855855/856182",12
"Thin to Mature (Down)","GO:0015695","organic cation transport","9/450","39/6447",0.230769230769231,3.30615384615385,3.95679646699166,0.00116581229413193,0.0151931666719129,0.0130238453232396,"852401/850333/852803/856370/853980/855288/855622/855854/856171",9
"Thin to Mature (Down)","GO:1901137","carbohydrate derivative biosynthetic process","28/450","223/6447",0.125560538116592,1.79886397608371,3.32563712861152,0.00161446117956653,0.0184596882041004,0.015823964093666,"851272/852241/850411/852008/852023/852044/852857/852617/852924/852952/853569/853608/853690/853654/853898/850707/850777/851073/854989/854986/855026/855149/855564/855796/854093/854024/854233/855928",28
"Thin to Mature (Down)","GO:0006415","translational termination","7/450","27/6447",0.259259259259259,3.71432098765432,3.8713278857607,0.00200586049222834,0.0209577837636271,0.0179653748260378,"851260/852440/851369/851665/856775/850951/855875",7
"Thin to Mature (Down)","GO:0170041","non-proteinogenic amino acid metabolic process","8/450","36/6447",0.222222222222222,3.1837037037037,3.59887245729866,0.00281132701247305,0.0268293570009239,0.0229985889872433,"856642/856766/850616/856411/856512/853374/855482/855855",8
"Thin to Mature (Down)","GO:0042886","amide transport","8/450","37/6447",0.216216216216216,3.09765765765766,3.50502275788123,0.00337295135802427,0.031206236991797,0.0267505262384086,"850394/852764/856370/856391/853218/853617/850885/856324",8
"Thin to Mature (Down)","GO:0055071","manganese ion homeostasis","4/450","10/6447",0.4,5.73066666666667,4.10076588857115,0.00350498325527189,0.0319401481608235,0.0273796475896585,"850411/856447/850721/854246",4
"Thin to Mature (Down)","GO:0006882","intracellular zinc ion homeostasis","4/450","11/6447",0.363636363636364,5.20969696969697,3.82757353152976,0.0052072016888806,0.0444445665276288,0.0380986513485927,"852102/850710/855284/854160",4
"Thin to Mature (Down)","GO:0009068","aspartate family amino acid catabolic process","4/450","11/6447",0.363636363636364,5.20969696969697,3.82757353152976,0.0052072016888806,0.0444445665276288,0.0380986513485927,"850295/851987/856665/853755",4
"Thin to Mature (Down)","GO:0050667","homocysteine metabolic process","4/450","11/6447",0.363636363636364,5.20969696969697,3.82757353152976,0.0052072016888806,0.0444445665276288,0.0380986513485927,"850616/856512/855482/855855",4
"Thin to Mature (Down)","GO:1902047","polyamine transmembrane transport","4/450","11/6447",0.363636363636364,5.20969696969697,3.82757353152976,0.0052072016888806,0.0444445665276288,0.0380986513485927,"856370/853680/853912/855854",4
"Thin to Mature (Down)","GO:1901136","carbohydrate derivative catabolic process","10/450","57/6447",0.175438596491228,2.51345029239766,3.14368876812798,0.00548630276858908,0.045543828462534,0.0390409576971696,"851193/850370/852009/856766/852639/853169/856579/853395/854098/853984",10
"Early to Mature (Up)","GO:0007005","mitochondrion organization","70/955","205/6447",0.341463414634146,2.3051462137658,7.91873461189621,1.62187227026547e-12,2.44578338356032e-09,2.31500926155786e-09,"852220/852312/852388/852417/852566/852572/850300/851500/851431/851651/851805/851817/851845/851890/851922/851986/852104/852123/852125/852142/856704/856693/856650/856786/856898/850530/850554/850563/852684/852654/853093/856365/856395/854745/854709/3628034/854839/854842/853383/853342/853491/853584/853600/853812/853721/853886/850651/850748/850789/850915/850963/851002/854893/854883/854910/855014/855094/855287/855669/855654/855602/855584/854130/854210/856042/856006/1466518/856131/856214/856252",70
"Early to Mature (Up)","GO:0033108","mitochondrial respiratory chain complex assembly","27/955","60/6447",0.45,3.03785340314136,6.61274351387464,1.84628806894632e-08,1.39210120398552e-05,1.31766664289011e-05,"852220/852312/852417/852572/851651/851817/851986/852104/852123/852142/856650/856786/856898/852684/854709/854842/853383/853491/853812/853721/850651/850915/851002/854893/854910/855287/1466518",27
"Early to Mature (Up)","GO:0015980","energy derivation by oxidation of organic compounds","50/955","170/6447",0.294117647058824,1.98552510009239,5.4299728505545,6.08354494121713e-07,0.000305799525711848,0.000289448664571594,"852250/852295/851492/851595/851726/852142/856705/856672/856781/856794/856797/850527/850553/850569/850572/850593/850610/852684/852626/854753/853405/853304/853273/853584/853585/853777/853709/853932/850849/850871/850962/855014/855045/855105/855131/855176/855298/855359/855691/855606/855732/855811/854231/854303/854350/854537/855866/855857/856314/856321",50
"Early to Mature (Up)","GO:0043161","proteasome-mediated ubiquitin-dependent protein catabolic process","37/955","119/6447",0.310924369747899,2.09898367724053,5.04560280730008,4.2947319246924e-06,0.00161911393560903,0.00153254118154813,"851259/852239/852376/852397/852455/852467/852470/851557/851431/851624/851805/851967/852003/856704/850554/850562/850597/850613/852873/852834/852762/852939/853036/853168/856422/856607/854735/853297/855725/855567/854119/854328/854431/854435/856098/855998/856218",37
"Early to Mature (Up)","GO:0000103","sulfate assimilation","8/955","10/6447",0.8,5.40062827225131,5.80703578251771,7.6898947884237e-06,0.00165662304870613,0.00156804471174474,"852514/850588/853123/853466/853602/853869/853943/856296",8
"Early to Mature (Up)","GO:0006457","protein folding","40/955","137/6447",0.291970802919708,1.97103221615011,4.79027906772337,9.90359922719681e-06,0.00185827075320966,0.00175891047141721,"851259/852364/852467/852572/851733/851751/851845/851967/852104/856715/856840/850532/850530/850602/853043/853125/853202/856581/854785/853418/853260/853503/853789/853743/853639/850633/850897/850914/850963/854980/854909/855224/855725/855762/854185/854192/854407/854462/855998/855836",40
"Early to Mature (Up)","GO:0006626","protein targeting to mitochondrion","24/955","66/6447",0.363636363636364,2.4548310328415,4.95360900237709,1.14731363656809e-05,0.00185827075320966,0.00175891047141721,"851259/852388/852531/856693/856898/853093/856395/853503/853600/853639/853886/850789/850963/855654/855602/855751/854185/854192/854210/854407/856042/856006/855836/856252",24
"Early to Mature (Up)","GO:0032543","mitochondrial translation","48/955","177/6447",0.271186440677966,1.83072144822078,4.6729362734403,1.23227503528492e-05,0.00185827075320966,0.00175891047141721,"852242/852417/852419/852571/852585/850359/850434/851515/851325/852014/852073/856776/852967/852975/853129/856433/856456/854760/853383/853382/853349/853342/853578/853867/853720/853960/850901/851160/855002/854910/855190/855226/855231/855265/855330/855643/855601/855536/855469/855756/855773/854130/854035/854329/856094/855985/856214/856295",48
"Early to Mature (Up)","GO:0006613","cotranslational protein targeting to membrane","12/955","23/6447",0.521739130434783,3.52214887320738,5.05258282863976,2.89674947313536e-05,0.00259574369129072,0.00245695130908154,"851259/851466/851659/851839/856740/856840/856600/853418/853737/851095/9164887/856070",12
"Early to Mature (Up)","GO:0072655","establishment of protein localization to mitochondrion","25/955","74/6447",0.337837837837838,2.2806707230791,4.62022317417217,3.27049934579069e-05,0.00259574369129072,0.00245695130908154,"851259/852388/852531/856693/856898/853093/856395/853503/853600/853639/853886/850789/850963/855654/855602/855751/854130/854185/854192/854210/854407/856042/856006/855836/856252",25
"Early to Mature (Up)","GO:0043632","modification-dependent macromolecule catabolic process","50/955","198/6447",0.252525252525253,1.7047437728066,4.19991162460873,6.45878757022294e-05,0.0048699258279481,0.00460953470801174,"851259/852239/852376/852397/852411/852455/852467/852470/852471/852593/851557/851431/851565/851624/851757/851805/851866/851960/851967/852003/852037/856704/850554/850562/850597/850613/852873/852834/852762/852939/853036/853168/856387/856422/856607/854735/853297/853811/850864/855319/855725/855567/855812/854119/854328/854431/854435/856098/855998/856218",50
"Early to Mature (Up)","GO:0043248","proteasome assembly","14/955","33/6447",0.424242424242424,2.86396953831509,4.47623496109892,0.000115620008541514,0.00830261775621919,0.00785868328733297,"852471/851557/851967/852003/852037/850554/852834/853036/856607/854735/853629/855224/855836/856218",14
"Early to Mature (Up)","GO:0140053","mitochondrial gene expression","51/955","210/6447",0.242857142857143,1.63947643979058,3.92851029737577,0.00015987620731459,0.0104823182882783,0.00992183693906562,"852242/852417/852419/852571/852585/850359/850434/851515/851325/852014/852073/856776/852967/852975/853129/856433/856456/854760/854839/853383/853382/853349/853342/853578/853867/853720/853960/850901/851160/855002/854883/854910/855045/855190/855226/855231/855265/855330/855643/855601/855536/855469/855756/855773/854130/854035/854329/856094/855985/856214/856295",51
"Early to Mature (Up)","GO:0005978","glycogen biosynthetic process","11/955","23/6447",0.478260869565217,3.22863646710676,4.46459384876214,0.000173283666118079,0.0108879903544193,0.0103058180375489,"856705/856781/850569/850572/853304/853932/850962/855131/855359/854350/856314",11
"Early to Mature (Up)","GO:0015986","proton motive force-driven ATP synthesis","10/955","20/6447",0.5,3.37539267015707,4.4363707373817,0.000217324383561223,0.012604814246551,0.01193084470077,"852177/851922/853585/853853/851002/854893/854077/856027/855857/856131",10
"Early to Mature (Up)","GO:0000097","sulfur amino acid biosynthetic process","14/955","36/6447",0.388888888888889,2.62530541012216,4.07760276456371,0.000347407629552829,0.0174630235121889,0.016529289321882,"851221/856778/852691/853118/854834/853602/853869/853943/850664/851010/855021/855620/855444/856296",14
"Early to Mature (Up)","GO:0000096","sulfur amino acid metabolic process","16/955","46/6447",0.347826086956522,2.34809924880492,3.82611871546442,0.000587484356151271,0.0268462548204884,0.0254108066009928,"851221/851840/856778/852691/853118/854834/853466/853602/853869/853943/850664/851010/855021/855620/855444/856296",16
"Early to Mature (Up)","GO:0097237","cellular response to toxic substance","14/955","38/6447",0.368421052631579,2.48713144116837,3.83378355597608,0.000663146342394165,0.0276946533966547,0.0262138419697499,"851280/852215/850322/851386/852124/856399/856452/853575/853842/853951/850799/851079/854980/855492",14
"Early to Mature (Up)","GO:0006839","mitochondrial transport","24/955","84/6447",0.285714285714286,1.92879581151832,3.57281477539668,0.000820756713700946,0.0325710822173954,0.0308295319606228,"852250/852388/856693/856779/856898/852800/853093/853158/856395/856567/853503/853600/853639/853886/850789/850963/855654/855602/855751/854185/854210/854407/856042/856006",24
"Early to Mature (Up)","GO:0051085","chaperone cofactor-dependent protein refolding","8/955","16/6447",0.5,3.37539267015707,3.96677639891941,0.000955990750683744,0.0369649756931048,0.0349884873934455,"851259/856840/850530/853418/853503/850633/855725/854185",8
"Early to Mature (Up)","GO:0000920","septum digestion after cytokinesis","9/955","20/6447",0.45,3.03785340314136,3.80596998481613,0.00118818866746256,0.0416695002449661,0.039441464702062,"852455/852515/856861/850508/856418/856546/850822/855389/855804",9
"Early to Mature (Up)","GO:0006119","oxidative phosphorylation","14/955","41/6447",0.341463414634146,2.3051462137658,3.49574062095471,0.00156967894427048,0.0483076703665283,0.0457246970661821,"851492/852142/856672/850593/852684/852626/853405/853273/853585/853709/855298/854231/855857/856321",14
"Early to Mature (Down)","GO:0032787","monocarboxylic acid metabolic process","62/774","175/6447",0.354285714285714,2.95100775193798,9.66460777861723,2.62445594979653e-16,3.90256599734744e-13,3.4145553199458e-13,"851193/852291/852495/850342/850370/851547/851541/851620/856694/856638/856728/856790/850616/852825/852667/852639/853155/853169/853172/856464/856579/856589/854808/854841/854849/854851/853395/853243/853465/853477/853810/853805/853705/853653/853878/850733/850825/850846/850933/851167/854950/855206/855247/855288/855315/855373/855518/855750/854160/854098/853984/854267/854525/854529/854545/854570/854573/856030/856010/855845/855849/856246",62
"Early to Mature (Down)","GO:0055085","transmembrane transport","117/774","484/6447",0.241735537190083,2.01352585047088,8.56316565107874,6.33102558634564e-15,4.70711752344799e-12,4.11849874985432e-12,"851211/851246/852309/852331/852424/852521/852537/852598/850319/850369/850387/850394/850403/850438/850462/851417/851345/851321/851317/851697/851862/851938/851946/851954/852015/856712/856646/856645/856644/856761/856783/856788/850494/850490/850489/852876/852803/852738/852639/852638/853019/853026/853039/853104/853131/853173/853175/856370/856357/856345/856391/856492/856494/856496/856580/854811/854721/854718/854685/854640/854846/853336/853246/853218/853570/853617/853778/853739/853636/853912/853968/853978/853979/853980/850690/850845/850885/850938/851168/854924/855080/855113/855187/855261/855322/855369/855660/855622/855580/855425/855387/855792/854113/854080/853994/853990/853983/854175/854267/854332/854447/854483/854506/854530/854572/856081/856071/855863/855854/856121/856171/856231/856241/856246/856279/856324/856331",117
"Early to Mature (Down)","GO:0072523","purine-containing compound catabolic process","26/774","47/6447",0.553191489361702,4.60778492495464,9.16872233255657,8.23071514124818e-13,4.07969113834535e-10,3.56953119809921e-10,"851193/852495/850370/851541/851360/851620/852009/856766/852639/853155/853169/856579/856609/854845/853395/853465/853805/853705/851167/855373/855581/854098/853984/854525/854529/856030",26
"Early to Mature (Down)","GO:0009191","ribonucleoside diphosphate catabolic process","21/774","32/6447",0.65625,5.46620639534884,9.35458847913982,1.27846990873196e-12,4.75271188571107e-10,4.15839159787554e-10,"851193/852495/850370/851541/851620/856722/852639/853155/853169/856579/853395/853465/853805/853705/851167/855373/854098/853984/854525/854529/856030",21
"Early to Mature (Down)","GO:0006629","lipid metabolic process","89/774","355/6447",0.250704225352113,2.08823015613058,7.79048014202195,1.9136244502177e-12,5.69111911494743e-10,4.9794522536191e-10,"851224/851246/852317/850305/850376/850411/850415/850432/851547/851361/851701/856694/856722/856766/856790/852883/852872/852825/852738/852735/852733/852667/852924/852926/852951/853045/853052/853061/853086/853148/856389/856398/856442/856464/856470/856523/856612/854808/854851/853243/853477/853529/853571/853861/853810/853653/853668/853878/853889/853902/853944/850628/850745/850790/850824/850941/851061/851171/854900/855026/855029/855242/855247/855248/855288/855315/855637/855612/855593/855552/855518/855457/855441/855750/855779/854160/854260/854267/854342/854545/856101/856079/856010/856001/855994/855895/855845/856246/856270",89
"Early to Mature (Down)","GO:0046434","organophosphate catabolic process","30/774","64/6447",0.46875,3.90443313953488,8.62478320495273,4.12744591907961e-12,7.67189010208923e-10,6.7125304683979e-10,"851193/852495/852544/850370/850432/851541/851620/856722/852777/852639/853155/853169/856442/856579/856609/853395/853465/853805/853705/853902/851167/855373/854098/853984/854525/854529/856030/856001/855994/855895",30
"Early to Mature (Down)","GO:0006096","glycolytic process","20/774","31/6447",0.645161290322581,5.37384346086522,9.01615032602593,7.16369500675818e-12,8.29958592731573e-10,7.26173376714844e-10,"851193/852495/850370/851541/851620/852639/853155/853169/856579/853395/853465/853805/853705/851167/855373/854098/853984/854525/854529/856030",20
"Early to Mature (Down)","GO:0072521","purine-containing compound metabolic process","57/774","190/6447",0.3,2.49883720930233,7.74564214306196,1.31888378001559e-11,1.22573761305199e-09,1.07246075796005e-09,"851193/852424/852495/850310/850370/851541/851474/851360/851620/852009/856670/856766/852639/852893/853155/853169/853172/856375/856473/856579/856589/856609/854808/854845/854846/854849/853395/853326/853465/853477/853541/853569/853805/853705/853654/850846/850933/851167/851171/854900/855247/855248/855288/855349/855373/855594/855581/855750/855779/854098/854093/854068/853984/854525/854529/856030/855855",57
"Early to Mature (Down)","GO:0009185","ribonucleoside diphosphate metabolic process","21/774","36/6447",0.583333333333333,4.85885012919897,8.57542223146971,3.43560073072374e-11,2.68880962451905e-09,2.35257756408562e-09,"851193/852495/850370/851541/851620/856722/852639/853155/853169/856579/853395/853465/853805/853705/851167/855373/854098/853984/854525/854529/856030",21
"Early to Mature (Down)","GO:0015711","organic anion transport","39/774","120/6447",0.325,2.70707364341085,6.97193295318266,1.96624071856912e-09,8.12166652364523e-08,7.10606294781121e-08,"851246/852331/852521/850394/850438/850462/851317/856647/856646/856645/852803/852738/853104/853173/853175/856391/854811/854721/854685/854640/853367/853366/853246/853617/853739/853912/853980/855050/855288/855660/855622/854018/854483/854530/856105/855863/856121/856171/856246",39
"Early to Mature (Down)","GO:0006865","amino acid transport","25/774","59/6447",0.423728813559322,3.52943108658521,7.20901024884745,3.64193359956383e-09,1.42514612172406e-07,1.24693349835482e-07,"852331/850319/850438/851317/851697/851954/856647/856646/856645/850489/852803/853026/853104/854721/854685/853678/853912/853980/855113/855660/855622/854530/855863/855854/856171",25
"Early to Mature (Down)","GO:0046165","alcohol biosynthetic process","30/774","87/6447",0.344827586206897,2.872226677359,6.49379742839114,3.238010753391e-08,1.17437121714449e-06,1.02751766140983e-06,"851238/851910/852883/852872/852951/852978/853047/853086/856398/856442/856470/854758/850733/850745/850790/850825/851126/851171/854900/855029/855242/855248/855349/855441/855779/854099/854068/854342/856079/856239",30
"Early to Mature (Down)","GO:0016052","carbohydrate catabolic process","33/774","102/6447",0.323529411764706,2.69482444140447,6.3726230522169,3.97401892698215e-08,1.4069919391482e-06,1.23104947211778e-06,"851193/852495/850370/851541/851620/850491/850577/852721/852639/853155/853169/853204/853209/856579/854761/853395/853214/853465/853805/853705/850836/851007/851167/854932/855200/855373/855479/854098/853984/854362/854525/854529/856030",33
"Early to Mature (Down)","GO:1901136","carbohydrate derivative catabolic process","23/774","57/6447",0.403508771929825,3.3610091119271,6.61292962684477,4.71034242984411e-08,1.62890213794842e-06,1.42521009627597e-06,"851193/852495/850370/851541/851620/852009/856722/856766/852639/853155/853169/856579/853395/853465/853805/853705/851167/855373/854098/853984/854525/854529/856030",23
"Early to Mature (Down)","GO:0046034","ATP metabolic process","22/774","53/6447",0.415094339622642,3.45751060406611,6.6352342296682,5.02095167410957e-08,1.69685344077294e-06,1.48466417923431e-06,"851193/852424/852495/850370/851541/851620/852639/853155/853169/856579/853395/853326/853465/853805/853705/851167/855373/854098/853984/854525/854529/856030",22
"Early to Mature (Down)","GO:0044282","small molecule catabolic process","39/774","138/6447",0.282608695652174,2.35397708122683,5.93854199194323,1.48084580834162e-07,4.58753691042498e-06,4.0138715331365e-06,"852291/852507/850295/851620/852009/856694/856665/856728/856766/850491/850616/852721/852679/852667/852978/853155/856432/856442/854841/853477/853541/853613/853755/853878/850733/850825/850833/850933/854932/854899/855518/855482/854099/854545/854570/854573/856010/855849/856246",39
"Early to Mature (Down)","GO:0006066","alcohol metabolic process","38/774","133/6447",0.285714285714286,2.37984496124031,5.93899641146646,1.56779984675075e-07,4.75779259615992e-06,4.16283697225333e-06,"851238/850415/850469/851474/851620/851910/850491/852883/852872/852951/852978/853047/853086/856398/856442/856470/856478/854758/850733/850745/850790/850825/851126/851171/854932/854900/855029/855242/855248/855349/855441/855779/854099/854068/854342/856079/856001/856239",38
"Early to Mature (Down)","GO:0046395","carboxylic acid catabolic process","28/774","87/6447",0.32183908045977,2.6807448988684,5.82964500722169,4.83400316036864e-07,1.30693867263058e-05,1.14350773324701e-05,"852291/850295/856694/856665/856728/856766/850616/852679/852667/852978/856432/854841/853477/853541/853613/853755/853878/850733/850825/850833/850933/854899/855518/855482/854545/854570/856010/856246",28
"Early to Mature (Down)","GO:0006696","ergosterol biosynthetic process","16/774","35/6447",0.457142857142857,3.8077519379845,6.15184295426256,7.10702373721406e-07,1.76508659689136e-05,1.54436487010775e-05,"852883/852872/852951/853086/856398/856470/850745/850790/851171/854900/855029/855242/855248/855441/855779/856079",16
"Early to Mature (Down)","GO:0008204","ergosterol metabolic process","17/774","39/6447",0.435897435897436,3.63078910753329,6.08648177836142,7.35947336968825e-07,1.76508659689136e-05,1.54436487010775e-05,"850415/852883/852872/852951/853086/856398/856470/850745/850790/851171/854900/855029/855242/855248/855441/855779/856079",17
"Early to Mature (Down)","GO:0044283","small molecule biosynthetic process","72/774","349/6447",0.206303724928367,1.71839808089558,5.09675087457384,1.59274207136285e-06,3.75937692081993e-05,3.28927184662403e-05,"851238/852495/850342/850370/851547/851620/851910/856683/856665/856638/856790/850616/852883/852875/852872/852825/852951/852978/853047/853086/856398/856432/856442/856464/856470/854792/854765/854758/854851/853395/853243/853465/853481/853569/853613/853810/853805/853705/853653/850668/850733/850745/850790/850825/850933/851126/851171/854900/855029/855206/855242/855247/855248/855313/855315/855349/855441/855750/855779/854099/854068/853994/854212/854342/854573/856079/856010/855845/855855/855849/856147/856239",72
"Early to Mature (Down)","GO:0044248","cellular catabolic process","31/774","109/6447",0.284403669724771,2.36892824123462,5.3238652394817,2.44368886093043e-06,5.42353035254261e-05,4.74532510936373e-05,"852291/850295/856694/856665/856728/856766/850616/852679/852667/852978/856432/854841/853477/853541/853613/853755/853699/853878/850733/850825/850833/850933/851006/854899/855518/855482/854099/854545/854570/856010/856246",31
"Early to Mature (Down)","GO:0015677","copper ion import","8/774","11/6447",0.727272727272727,6.05778717406624,6.20094836178814,4.93478309898041e-06,0.00010335242912935,9.04283455943631e-05,"856580/850675/850911/855369/854013/854563/854566/856241",8
"Early to Mature (Down)","GO:0098771","inorganic ion homeostasis","31/774","114/6447",0.271929824561404,2.26502787977696,5.03334869202748,6.82391770110782e-06,0.000135295541620631,0.00011837701443606,"851246/852424/852537/850343/850411/851321/851663/851685/851862/852046/852102/852117/856644/856849/850494/853173/856345/856580/854718/854851/853570/850675/850710/850911/855035/855080/854160/853990/854013/854563/854566",31
"Early to Mature (Down)","GO:0055082","intracellular chemical homeostasis","45/774","210/6447",0.214285714285714,1.78488372093023,4.27106652638542,5.92321285985435e-05,0.00107412408812237,0.000939806302282411,"851243/852331/852424/852598/850343/850411/851417/851321/851663/851685/851862/852046/852102/852117/856644/856849/850494/852876/852639/852926/853019/853155/853173/856345/856580/854718/854851/853570/853891/853904/850675/850710/850911/851167/851168/855035/855080/855580/854160/853990/854013/854563/854566/856071/855898",45
"Early to Mature (Down)","GO:0015698","inorganic anion transport","13/774","34/6447",0.382352941176471,3.18479252165983,4.71767781568769,8.05276196759499e-05,0.00140875965244868,0.00123259613522568,"852537/850373/850387/850403/851875/852638/854640/853739/854924/854918/855322/854572/856331",13
"Early to Mature (Down)","GO:0015695","organic cation transport","14/774","39/6447",0.358974358974359,2.9900616179686,4.60412191190016,9.63527368793137e-05,0.00166600604348302,0.0014576742078682,"851317/856646/852803/853104/856370/854721/853980/850938/855288/855622/854267/854447/855854/856171",14
"Early to Mature (Down)","GO:0043605","amide catabolic process","7/774","12/6447",0.583333333333333,4.85885012919897,4.9417810334269,0.00016066325556183,0.00268434001146563,0.00234866687018831,"852507/851829/854841/854845/854846/854849/851065",7
"Early to Mature (Down)","GO:0042886","amide transport","13/774","37/6447",0.351351351351351,2.92656610098471,4.34075226750011,0.000219129104641618,0.00342994714317985,0.00300103682367911,"852521/850394/856647/856370/856391/854846/853218/853617/853968/850885/850938/855637/856324",13
"Early to Mature (Down)","GO:0170035","L-amino acid catabolic process","13/774","37/6447",0.351351351351351,2.92656610098471,4.34075226750011,0.000219129104641618,0.00342994714317985,0.00300103682367911,"852291/850295/856665/856766/850616/852978/856432/853541/853755/850733/850825/850833/850933",13
"Early to Mature (Down)","GO:0006656","phosphatidylcholine biosynthetic process","9/774","20/6447",0.45,3.74825581395349,4.5465004919883,0.000242512849822156,0.00375642299672443,0.00328668730680027,"856766/853052/853061/856523/850824/851061/855593/855552/855457",9
"Early to Mature (Down)","GO:0019674","NAD metabolic process","12/774","33/6447",0.363636363636364,3.02889358703312,4.31579691963711,0.000263990989233669,0.00400565919378027,0.00350475684954689,"850310/851474/852009/856670/852893/856473/856609/853541/850933/855349/855594/854068",12
"Early to Mature (Down)","GO:0019359","nicotinamide nucleotide biosynthetic process","8/774","17/6447",0.470588235294118,3.91974464204286,4.45218378421943,0.000373881732849125,0.00534578977641008,0.00467730588867933,"850310/852009/856670/852893/856473/853541/850933/855594",8
"Early to Mature (Down)","GO:0098661","inorganic anion transmembrane transport","10/774","26/6447",0.384615384615385,3.20363744782349,4.15848100612838,0.000512134530322362,0.00698664262926011,0.00611297227888401,"852537/850387/850403/852638/854640/853739/854924/855322/854572/856331",10
"Early to Mature (Down)","GO:0006113","fermentation","7/774","14/6447",0.5,4.16472868217054,4.37827427632375,0.000559948272053236,0.00750128901390235,0.00656326281894546,"851474/850491/850733/850776/850825/854932/854068",7
"Early to Mature (Down)","GO:0170044","non-proteinogenic amino acid catabolic process","6/774","11/6447",0.545454545454545,4.54334038054968,4.34420626488377,0.000795315468683295,0.0102837747994092,0.00899780246492039,"852291/856766/852679/854841/850933/855482",6
"Early to Mature (Down)","GO:0046470","phosphatidylcholine metabolic process","9/774","23/6447",0.391304347826087,3.25935288169869,4.00916987519593,0.000844764853450356,0.0108290115265576,0.00947485806592233,"856766/853052/853061/856523/850824/851061/855593/855552/855457",9
"Early to Mature (Down)","GO:0170040","proteinogenic amino acid catabolic process","12/774","37/6447",0.324324324324324,2.70144563167819,3.83353261534103,0.000874464437742208,0.0110197340586666,0.00964173099954834,"852291/850295/856665/850616/852978/856432/853541/853755/850733/850825/850833/850933",12
"Early to Mature (Down)","GO:1901135","carbohydrate derivative metabolic process","56/774","313/6447",0.178913738019169,1.49025435272556,3.28421046287047,0.00117997898481812,0.0143822028723323,0.0125837275688973,"851193/852424/852495/850310/850305/850370/850376/850411/851541/851620/852009/856722/856766/850491/852735/852639/852635/852924/853155/853169/853172/856375/856579/856589/853395/853326/853302/853465/853524/853569/853805/853705/853654/853898/850628/851167/854989/854932/855026/855313/855373/855703/855594/855746/855796/854098/854093/853984/854024/854163/854212/854233/854525/854529/856030/855855",56
"Early to Mature (Down)","GO:0051056","regulation of small GTPase mediated signal transduction","9/774","25/6447",0.36,2.99860465116279,3.69803473960782,0.00169157525495271,0.0202852613235055,0.0177486164271779,"851243/852437/856691/856899/856362/853488/853603/853632/855988",9
"Early to Mature (Down)","GO:0019318","hexose metabolic process","19/774","79/6447",0.240506329113924,2.00328721420862,3.31395445242353,0.00204741913860545,0.0242893381693018,0.0212519887992475,"852495/850370/851474/851620/852721/852639/853155/853395/853465/853805/853705/850733/850825/851167/854954/854068/853994/853984/854212",19
"Early to Mature (Down)","GO:0072348","sulfur compound transport","9/774","26/6447",0.346153846153846,2.88327370304114,3.55392305171288,0.00231598505034526,0.0269052325770578,0.0235407690972593,"852521/850438/852638/856391/854640/853739/850938/855854/856121",9
"Early to Mature (Down)","GO:0170041","non-proteinogenic amino acid metabolic process","11/774","36/6447",0.305555555555556,2.54511197243755,3.43366213118556,0.00244777064496921,0.0277849996112154,0.0243105224361747,"852291/856766/850616/852679/854841/853541/850668/850933/855206/855482/855855",11
"Early to Mature (Down)","GO:0015748","organophosphate ester transport","20/774","87/6447",0.229885057471264,1.914817784906,3.17303532254387,0.00280932060106406,0.0314094716825733,0.0274817591049875,"851207/851246/852521/850462/856712/856761/852738/853173/856391/854811/854763/853246/850654/850776/855197/855457/856105/856121/856246/856324",20
"Early to Mature (Down)","GO:0031669","cellular response to nutrient levels","30/774","151/6447",0.198675496688742,1.65485907900816,3.00755242348193,0.00339428265050907,0.036841593440197,0.0322346012756758,"852169/852394/850391/850442/852117/852129/856647/850511/852721/853148/856362/856593/854851/853390/853529/853603/853818/853803/853632/853904/850742/850870/850941/854918/855053/855080/855512/854228/854573/855849",30
"Early to Mature (Down)","GO:0006569","L-tryptophan catabolic process","5/774","10/6447",0.5,4.16472868217054,3.69916725195236,0.00369255271444503,0.0385513134364497,0.0337305230647732,"852978/853541/850733/850825/850933",5
"Early to Mature (Down)","GO:0006879","intracellular iron ion homeostasis","14/774","54/6447",0.259259259259259,2.15948894631065,3.16024228375614,0.00371488900345759,0.0385513134364497,0.0337305230647732,"850343/851862/852117/856644/853173/856345/854851/850675/850911/855035/855080/854013/854563/854566",14
"Early to Mature (Down)","GO:0009074","aromatic amino acid family catabolic process","6/774","14/6447",0.428571428571429,3.56976744186047,3.5551694368679,0.00375920675742112,0.0385513134364497,0.0337305230647732,"852978/853541/850733/850825/850933/854899",6
"Early to Mature (Down)","GO:0043094","metabolic compound salvage","10/774","33/6447",0.303030303030303,2.52407798919427,3.24196948183462,0.00408105338229601,0.0409664447510247,0.035843645426869,"850310/852009/856683/853481/853569/853613/855594/855581/855746/855855",10
"Early to Mature (Down)","GO:0031667","response to nutrient levels","33/774","174/6447",0.189655172413793,1.57972467254745,2.86330758319791,0.00469371511459708,0.0465303625027057,0.0407118026781894,"852169/852394/850391/850442/852117/852129/856647/850511/852848/852721/853019/853148/856362/856593/854851/853390/853529/853603/853818/853803/853632/853904/850742/850870/850941/854918/855053/855080/855580/855512/854228/854573/855849",33
