"Cluster","category","subcategory","ID","Description","GeneRatio","BgRatio","RichFactor","FoldEnrichment","zScore","pvalue","p.adjust","qvalue","geneID","Count"
"Early to Thin (Up)","Genetic Information Processing","Translation","sce03010","Ribosome","74/243","214/2564",0.345794392523364,3.6486288988885,13.0928423464046,4.82331808089001e-27,4.19628673037431e-25,3.85865446471201e-25,"YBR048W/YBR181C/YBR189W/YBR268W/YDL045W-A/YDL075W/YDL081C/YDL130W/YDL184C/YDL191W/YDR025W/YDR447C/YDR471W/YDR500C/YEL054C/YER056C-A/YER074W/YER102W/YER117W/YER131W/YFR032C-A/YFR049W/YGL031C/YGL068W/YGL076C/YGL103W/YGL147C/YGR085C/YGR148C/YHR010W/YHR141C/YIL052C/YJL189W/YJL190C/YJR094W-A/YKL006W/YKR094C/YLR009W/YLR075W/YLR167W/YLR264W/YLR287C-A/YLR312W-A/YLR325C/YLR448W/YML009C/YML024W/YML026C/YML063W/YMR143W/YMR158W/YMR194W/YMR242C/YNCL0014C/YNCL0018W/YNCL0027W/YNL067W/YNL069C/YNL096C/YNL178W/YNL302C/YOL040C/YOL120C/YOL121C/YOR096W/YOR293W/YOR312C/YOR369C/YPL013C/YPL079W/YPL090C/YPL249C-A/YPR043W/YPR102C",74
"Early to Thin (Up)","Metabolism","Energy metabolism","sce00190","Oxidative phosphorylation","19/243","79/2564",0.240506329113924,2.53768818044486,4.49115966494773,8.64497468078539e-05,0.00376056398614164,0.00345798987231416,"YDL004W/YDL067C/YDR322C-A/YDR529C/YJR048W/YJR121W/YKL016C/YLL009C/YLR038C/YLR295C/YLR395C/YML081C-A/YMR145C/YMR256C/YNL052W/YOL077W-A/YPL271W/YPR020W/YPR191W",19
"Early to Thin (Up)","Metabolism","Global and overview maps","sce01200","Carbon metabolism","23/243","113/2564",0.20353982300885,2.14763829709749,4.03656981385412,0.000246083057178622,0.00713640865818003,0.00656221485809658,"YDL168W/YER065C/YFL053W/YGL062W/YGR244C/YIL074C/YKR097W/YLR058C/YLR174W/YLR303W/YLR304C/YLR377C/YNL037C/YNL117W/YNL241C/YNR001C/YOR095C/YOR136W/YPL262W/YPR001W/YPR002W/YPR006C/YPR074C",23
"Early to Thin (Up)","Metabolism","Carbohydrate metabolism","sce00020","Citrate cycle (TCA cycle)","10/243","31/2564",0.32258064516129,3.40369042878003,4.35593766121197,0.00035826938272336,0.00779235907423309,0.00716538765446721,"YGL062W/YGR244C/YKR097W/YLR174W/YLR304C/YNL037C/YNR001C/YOR136W/YPL262W/YPR001W",10
"Early to Thin (Up)","Metabolism","Global and overview maps","sce01110","Biosynthesis of secondary metabolites","53/243","372/2564",0.14247311827957,1.50329660604452,3.39637055010488,0.000806876667775892,0.0140396540193005,0.0129100266844143,"YAL012W/YBR052C/YBR256C/YCR034W/YCR105W/YDL055C/YDL166C/YDL168W/YDR032C/YDR226W/YDR354W/YDR487C/YER003C/YER052C/YER055C/YER065C/YFL053W/YFR015C/YGL148W/YGL234W/YGR124W/YGR244C/YHL032C/YHR137W/YIL074C/YIL155C/YIL162W/YJL200C/YJR010W/YKR097W/YLL062C/YLR058C/YLR174W/YLR303W/YLR304C/YLR372W/YLR377C/YLR438W/YNL037C/YNL117W/YNL241C/YNL277W/YNR001C/YOL058W/YOR095C/YOR128C/YOR136W/YPL061W/YPL111W/YPL262W/YPR001W/YPR006C/YPR074C",53
"Early to Thin (Up)","Metabolism","Global and overview maps","sce01230","Biosynthesis of amino acids","22/243","125/2564",0.176,1.85705349794239,3.17831478212816,0.00260675094077038,0.0377978886411704,0.0347566792102717,"YAL012W/YDR354W/YER052C/YER055C/YGL062W/YGL148W/YGR124W/YIL074C/YJL200C/YLR058C/YLR174W/YLR303W/YLR304C/YNL037C/YNL277W/YNR001C/YOL058W/YOR095C/YOR136W/YPL111W/YPR001W/YPR074C",22
"Early to Thin (Down)","Metabolism","Global and overview maps","sce01110","Biosynthesis of secondary metabolites","64/146","372/2564",0.172043010752688,3.02135807924584,10.3589809026156,6.31209113078059e-19,4.98655199331666e-17,3.18926709765756e-17,"YAL038W/YAL060W/YAL061W/YBR117C/YBR196C/YBR208C/YCL018W/YCL064C/YCR012W/YCR068W/YDL021W/YDL022W/YDR050C/YDR074W/YER037W/YER062C/YER141W/YFR055W/YGL001C/YGL012W/YGL205W/YGR043C/YGR060W/YGR087C/YGR088W/YGR175C/YGR240C/YGR248W/YGR256W/YHR174W/YHR208W/YIL053W/YIL160C/YJL052W/YJR009C/YJR148W/YKL060C/YKL152C/YKR031C/YKR058W/YLR044C/YLR134W/YLR142W/YLR164W/YLR446W/YML070W/YML075C/YMR015C/YMR118C/YMR169C/YMR170C/YMR207C/YMR250W/YMR278W/YMR323W/YOL059W/YOL086C/YOL126C/YOR081C/YOR274W/YOR393W/YPR026W/YPR035W/YPR184W",64
"Early to Thin (Down)","Metabolism","Carbohydrate metabolism","sce00010","Glycolysis / Gluconeogenesis","21/146","55/2564",0.381818181818182,6.70535491905355,10.5083919490505,2.85747039316361e-13,1.12870080529963e-11,7.21887257220281e-12,"YAL038W/YBR196C/YCR012W/YDL021W/YDR050C/YGR087C/YGR240C/YHR174W/YJL052W/YJR009C/YKL060C/YKL152C/YLR044C/YLR134W/YLR446W/YMR169C/YMR170C/YMR278W/YMR323W/YOL086C/YOR393W",21
"Early to Thin (Down)","Metabolism","Global and overview maps","sce01200","Carbon metabolism","26/146","113/2564",0.230088495575221,4.04073220996484,8.12209983407938,2.00598214354143e-10,5.2824196446591e-09,3.37849624175399e-09,"YAL038W/YBR117C/YBR196C/YCL064C/YCR012W/YDL021W/YDR050C/YGL205W/YGR043C/YGR088W/YGR240C/YGR248W/YGR256W/YHR174W/YJL052W/YJR009C/YKL060C/YKL152C/YKR009C/YLR164W/YLR446W/YML070W/YMR118C/YMR323W/YOL126C/YOR393W",26
"Early to Thin (Down)","Metabolism","Energy metabolism","sce00710","Carbon fixation by Calvin cycle","8/146","21/2564",0.380952380952381,6.69015003261579,6.4325440305304,9.88240646835281e-06,0.000195177527749968,0.000124830397494983,"YBR117C/YCR012W/YDR050C/YGR043C/YJL052W/YJR009C/YKL060C/YOL126C",8
"Early to Thin (Down)","Metabolism","Global and overview maps","sce01230","Biosynthesis of amino acids","20/146","125/2564",0.16,2.80986301369863,5.09703239667736,1.48472116048642e-05,0.000234585943356855,0.000150034980428101,"YAL038W/YBR117C/YCL018W/YCL064C/YCR012W/YDL021W/YDR050C/YFR055W/YGR043C/YGR240C/YHR174W/YHR208W/YJL052W/YJR009C/YJR148W/YKL060C/YKL152C/YMR323W/YOR393W/YPR035W",20
"Early to Thin (Down)","Metabolism","Lipid metabolism","sce00100","Steroid biosynthesis","7/146","18/2564",0.388888888888889,6.82952815829528,6.0976576859522,3.15277366649282e-05,0.000415115199421555,0.000265496729809922,"YGL001C/YGL012W/YGR060W/YGR175C/YMR015C/YNR019W/YOR081C",7
"Early to Thin (Down)","Metabolism","Metabolism of other amino acids","sce00410","beta-Alanine metabolism","6/146","13/2564",0.461538461538462,8.10537407797682,6.30995085589363,3.79076516670332e-05,0.000427814925956518,0.00027361913985227,"YGL205W/YGR019W/YKR009C/YMR169C/YMR170C/YMR250W",6
"Early to Thin (Down)","Metabolism","Energy metabolism","sce00680","Methane metabolism","8/146","26/2564",0.307692307692308,5.40358271865121,5.54459216005472,5.94037639057816e-05,0.000507483194972586,0.000324572862873872,"YDL021W/YGR240C/YHR174W/YKL060C/YKL152C/YML070W/YMR323W/YOR393W",8
"Early to Thin (Down)","Metabolism","Amino acid metabolism","sce00280","Valine, leucine and isoleucine degradation","6/146","14/2564",0.428571428571429,7.52641878669276,6.01577311492155,6.32420190652315e-05,0.000507483194972586,0.000324572862873872,"YGR019W/YHR208W/YIL160C/YJR148W/YMR169C/YMR170C",6
"Early to Thin (Down)","Metabolism","Carbohydrate metabolism","sce00500","Starch and sucrose metabolism","10/146","41/2564",0.24390243902439,4.2833277647845,5.20679075471009,6.42383791104539e-05,0.000507483194972586,0.000324572862873872,"YBR196C/YDR074W/YGR292W/YIL099W/YKR058W/YLR300W/YLR446W/YMR278W/YPR026W/YPR184W",10
"Early to Thin (Down)","Metabolism","Carbohydrate metabolism","sce00030","Pentose phosphate pathway","8/146","28/2564",0.285714285714286,5.01761252446184,5.25164091272443,0.000107178037979178,0.000769733181850463,0.000492301035693834,"YBR117C/YBR196C/YGR043C/YGR240C/YGR248W/YGR256W/YKL060C/YMR278W",8
"Early to Thin (Down)","Metabolism","Lipid metabolism","sce00561","Glycerolipid metabolism","8/146","33/2564",0.242424242424242,4.25736820257368,4.6270088768953,0.000375121557416843,0.00246955025299422,0.00157945918912355,"YCR068W/YER037W/YER062C/YIL053W/YML070W/YMR169C/YMR170C/YOR081C",8
"Early to Thin (Down)","Metabolism","Lipid metabolism","sce00071","Fatty acid degradation","6/146","20/2564",0.3,5.26849315068493,4.70818604710368,0.000613240884959574,0.00372661768552357,0.00238344635449875,"YGL205W/YIL160C/YMR169C/YMR170C/YOL086C/YOR317W",6
"Early to Thin (Down)","Metabolism","Carbohydrate metabolism","sce00051","Fructose and mannose metabolism","6/146","23/2564",0.260869565217391,4.58129839189994,4.23862188257082,0.00138508747216447,0.00694399130352507,0.00444119363849705,"YDR050C/YGR240C/YKL060C/YLR446W/YML070W/YOL136C",6
"Early to Thin (Down)","Metabolism","Global and overview maps","sce01212","Fatty acid metabolism","6/146","23/2564",0.260869565217391,4.58129839189994,4.23862188257082,0.00138508747216447,0.00694399130352507,0.00444119363849705,"YGL055W/YGL205W/YHR067W/YIL160C/YMR207C/YOR317W",6
"Early to Thin (Down)","Cellular Processes","Transport and catabolism","sce04138","Autophagy - yeast","13/146","90/2564",0.144444444444444,2.53668188736682,3.64609484894717,0.00140637798552406,0.00694399130352507,0.00444119363849705,"YAL002W/YCR068W/YEL060C/YFL033C/YGL180W/YHR205W/YJL164C/YJR066W/YKL062W/YNL101W/YNL242W/YOR003W/YPL166W",13
"Early to Thin (Down)","Metabolism","Amino acid metabolism","sce00290","Valine, leucine and isoleucine biosynthesis","4/146","12/2564",0.333333333333333,5.85388127853881,4.14058801200097,0.00348822879168624,0.0162100043848949,0.010367491145569,"YCL018W/YCL064C/YHR208W/YJR148W",4
"Early to Thin (Down)","Metabolism","Amino acid metabolism","sce00380","Tryptophan metabolism","5/146","20/2564",0.25,4.39041095890411,3.73965355153454,0.00432007521497095,0.0189603301101503,0.0121265269192167,"YDR242W/YGR088W/YLR231C/YMR169C/YMR170C",5
"Early to Thin (Down)","Organismal Systems","Aging","sce04213","Longevity regulating pathway - multiple species","7/146","38/2564",0.184210526315789,3.23503965392934,3.41022426847899,0.00476978355468919,0.0198322579379182,0.0126841889542981,"YFL033C/YGR088W/YHR205W/YJL005W/YJL164C/YJR066W/YKL062W",7
"Early to Thin (Down)","Metabolism","Carbohydrate metabolism","sce00620","Pyruvate metabolism","8/146","52/2564",0.153846153846154,2.70179135932561,3.04593584131368,0.00808988553286513,0.0316468040236809,0.0202404609345328,"YAL038W/YML054C/YMR169C/YMR170C/YMR207C/YOL086C/YOL126C/YOR391C",8
"Early to Thin (Down)","Metabolism","Carbohydrate metabolism","sce00640","Propanoate metabolism","4/146","15/2564",0.266666666666667,4.68310502283105,3.51477393713444,0.00841244157591519,0.0316468040236809,0.0202404609345328,"YGL205W/YGR019W/YKR009C/YMR207C",4
"Early to Thin (Down)","Metabolism","Carbohydrate metabolism","sce00052","Galactose metabolism","5/146","24/2564",0.208333333333333,3.65867579908676,3.21496854097667,0.00984993758470058,0.0353702304177885,0.0226218662232358,"YBR018C/YGR240C/YGR292W/YLR446W/YMR278W",5
"Thin to Mature (Up)","Metabolism","Carbohydrate metabolism","sce00500","Starch and sucrose metabolism","16/179","41/2564",0.390243902439024,5.58986237907072,8.11501999015824,3.64104442269739e-09,3.05847731506581e-07,2.68287483777702e-07,"YBR126C/YDR001C/YDR074W/YEL011W/YFR015C/YFR053C/YIL099W/YIL172C/YJL137C/YKR058W/YLR258W/YML100W/YMR105C/YPR026W/YPR160W/YPR184W",16
"Thin to Mature (Up)","Metabolism","Metabolism of other amino acids","sce00410","beta-Alanine metabolism","6/179","13/2564",0.461538461538462,6.61108723678556,5.55546089033363,0.000121031416587873,0.00508331949669067,0.00445905219007954,"YER073W/YGR019W/YKR009C/YMR169C/YMR250W/YOR374W",6
"Thin to Mature (Up)","Metabolism","Energy metabolism","sce00190","Oxidative phosphorylation","14/179","79/2564",0.177215189873418,2.53843433986281,3.80439797084866,0.000869514829457982,0.0243464152248235,0.0213565045831785,"YCL005W-A/YDR529C/YEL039C/YFR033C/YHR039C-A/YIL111W/YJL045W/YLL009C/YML081C-A/YMR118C/YOL077W-A/YOR065W/YPL271W/YPR191W",14
"Thin to Mature (Up)","Metabolism","Lipid metabolism","sce00561","Glycerolipid metabolism","8/179","33/2564",0.242424242424242,3.47249026578636,3.91563421470668,0.00147379957663503,0.0309497911093356,0.0271489395695926,"YBL011W/YER037W/YER073W/YKR067W/YMR165C/YMR169C/YMR313C/YOR374W",8
"Thin to Mature (Up)","Metabolism","Global and overview maps","sce01110","Biosynthesis of secondary metabolites","40/179","372/2564",0.10752688172043,1.54021745659879,3.08657216819069,0.00228779944393739,0.0321596996807592,0.028210262877859,"YAL060W/YBL011W/YBR052C/YBR117C/YBR126C/YCR073W-A/YDL022W/YDR001C/YDR074W/YEL011W/YER037W/YER073W/YFR015C/YFR053C/YGR043C/YGR248W/YHR033W/YJL045W/YJL088W/YJL137C/YJR010W/YKL085W/YKR058W/YKR067W/YKR069W/YLR258W/YLR438W/YML100W/YMR105C/YMR118C/YMR165C/YMR169C/YMR250W/YMR313C/YNL277W/YOR374W/YOR393W/YPR026W/YPR160W/YPR184W",40
"Thin to Mature (Up)","Metabolism","Energy metabolism","sce00920","Sulfur metabolism","5/179","15/2564",0.333333333333333,4.77467411545624,4.01602864365166,0.00264744093574943,0.0321596996807592,0.028210262877859,"YFR030W/YJR010W/YKL001C/YNL277W/YPR167C",5
"Thin to Mature (Up)","Genetic Information Processing","Folding, sorting and degradation","sce03050","Proteasome","8/179","36/2564",0.222222222222222,3.18311607697083,3.61323468341537,0.0026799749733966,0.0321596996807592,0.028210262877859,"YDL007W/YDR363W-A/YFR004W/YGR253C/YHR027C/YIL075C/YOR261C/YPR103W",8
"Thin to Mature (Down)","Metabolism","Global and overview maps","sce01110","Biosynthesis of secondary metabolites","64/209","372/2564",0.172043010752688,2.11061377784638,6.90027250677327,3.24230222023398e-10,2.82080293160356e-08,2.25254680563624e-08,"YAL038W/YAR015W/YBR029C/YBR208C/YBR221C/YCL018W/YCL064C/YCR005C/YCR012W/YCR068W/YCR105W/YDL015C/YDR399W/YEL046C/YFL053W/YFR055W/YGL001C/YGL234W/YGL253W/YGR060W/YGR061C/YGR157W/YGR244C/YGR254W/YHR007C/YHR018C/YHR046C/YHR072W/YHR123W/YHR174W/YHR183W/YIR031C/YJL052W/YJL071W/YJL196C/YKL055C/YKL106W/YKL181W/YKR097W/YLR056W/YLR134W/YLR153C/YLR174W/YLR359W/YLR372W/YLR377C/YMR015C/YMR120C/YMR202W/YMR208W/YMR303C/YNL280C/YNR016C/YNR043W/YOL056W/YOL061W/YOL126C/YPL028W/YPL148C/YPL273W/YPR001W/YPR060C/YPR069C/YPR074C",64
"Thin to Mature (Down)","Metabolism","Global and overview maps","sce01212","Fatty acid metabolism","12/209","23/2564",0.521739130434783,6.4006656958602,7.74927139368067,3.83937986850775e-08,1.67013024280087e-06,1.3336793227448e-06,"YDL015C/YGL055W/YHR067W/YIL009W/YJL196C/YKL055C/YKL182W/YLR372W/YMR246W/YNR016C/YPL028W/YPL231W",12
"Thin to Mature (Down)","Metabolism","Global and overview maps","sce01200","Carbon metabolism","26/209","113/2564",0.230088495575221,2.8227124528941,5.90252339692557,5.14305658182089e-07,1.49148640872806e-05,1.19102362947431e-05,"YAL038W/YBR221C/YCL064C/YCR005C/YCR012W/YFL053W/YGL253W/YGR244C/YGR254W/YHR174W/YHR183W/YIR031C/YJL052W/YKL106W/YKL181W/YKR097W/YLR153C/YLR174W/YLR377C/YOL056W/YOL061W/YOL126C/YPL028W/YPR001W/YPR002W/YPR074C",26
"Thin to Mature (Down)","Metabolism","Lipid metabolism","sce00061","Fatty acid biosynthesis","7/209","13/2564",0.538461538461538,6.60581523739418,6.03541609885944,2.43413227206547e-05,0.000529423769174239,0.000422770341990318,"YHR067W/YIL009W/YKL055C/YKL182W/YMR246W/YNR016C/YPL231W",7
"Thin to Mature (Down)","Metabolism","Lipid metabolism","sce00100","Steroid biosynthesis","8/209","18/2564",0.444444444444444,5.45241892610314,5.64618447414791,3.65552615759843e-05,0.000636061551422126,0.000507925739792623,"YGL001C/YGR060W/YHR007C/YHR072W/YLR056W/YMR015C/YMR202W/YNL280C",8
"Thin to Mature (Down)","Metabolism","Carbohydrate metabolism","sce00010","Glycolysis / Gluconeogenesis","14/209","55/2564",0.254545454545455,3.12274902131361,4.74003614982362,7.95082735581441e-05,0.00115286996659309,0.000920622114883773,"YAL038W/YBR221C/YCR012W/YCR105W/YGL253W/YGR254W/YHR174W/YJL052W/YKR097W/YLR134W/YLR153C/YLR377C/YMR303C/YOL056W",14
"Thin to Mature (Down)","Metabolism","Nucleotide metabolism","sce00230","Purine metabolism","13/209","57/2564",0.228070175438596,2.7979518173424,4.08874758223548,0.000469106061496302,0.00583031819288261,0.00465578948251969,"YAR015W/YDR399W/YGL101W/YGL234W/YGR061C/YIR027C/YIR032C/YJR105W/YKL181W/YLR359W/YML022W/YMR120C/YOL061W",13
"Thin to Mature (Down)","Metabolism","Carbohydrate metabolism","sce00620","Pyruvate metabolism","12/209","52/2564",0.230769230769231,2.83106367316894,3.97326280186154,0.000693481918950594,0.00754161586858771,0.00602234298036042,"YAL038W/YBR221C/YCR105W/YEL071W/YIR031C/YKR097W/YLR153C/YMR303C/YNR016C/YOL126C/YPL028W/YPL280W",12
"Thin to Mature (Down)","Metabolism","Energy metabolism","sce00710","Carbon fixation by Calvin cycle","7/209","21/2564",0.333333333333333,4.08931419457735,4.23399691828945,0.000934774101846913,0.00903614965118683,0.00721580008443231,"YCR012W/YJL052W/YKL106W/YKR097W/YLR377C/YOL126C/YPR074C",7
"Thin to Mature (Down)","Metabolism","Global and overview maps","sce01230","Biosynthesis of amino acids","20/209","125/2564",0.16,1.96287081339713,3.28752541785423,0.00214579960685793,0.018668456579664,0.0149076604265919,"YAL038W/YCL018W/YCL064C/YCR005C/YCR012W/YEL046C/YFR055W/YGR254W/YHR018C/YHR174W/YJL052W/YJL071W/YKL106W/YKL181W/YLR174W/YOL056W/YOL061W/YPR001W/YPR060C/YPR074C",20
"Thin to Mature (Down)","Metabolism","Lipid metabolism","sce01040","Biosynthesis of unsaturated fatty acids","4/209","10/2564",0.4,4.90717703349282,3.68726739760434,0.00608482420541757,0.0481254278064845,0.0384304686657952,"YDL015C/YGL055W/YJL196C/YLR372W",4
"Early to Mature (Up)","Genetic Information Processing","Translation","sce03010","Ribosome","66/359","214/2564",0.308411214953271,2.20269179704787,7.41386263143868,2.06978794141112e-11,2.00769430316878e-09,1.80834104354866e-09,"YBR189W/YBR268W/YBR282W/YCR003W/YCR071C/YDL045W-A/YDL075W/YDL130W/YDL133C-A/YDL136W/YDL184C/YDL202W/YDR405W/YDR447C/YDR462W/YDR500C/YER050C/YER056C-A/YER131W/YFR032C-A/YFR049W/YGL147C/YGL189C/YGR076C/YGR148C/YGR215W/YHR010W/YIL052C/YJL063C/YJL096W/YJL136C/YJL189W/YJL190C/YJR094W-A/YJR113C/YKL003C/YLR009W/YLR167W/YLR185W/YLR287C-A/YLR325C/YLR388W/YLR439W/YML009C/YMR121C/YMR158W/YMR188C/YMR193W/YMR194W/YMR225C/YMR230W/YMR286W/YNCL0014C/YNCL0018W/YNCL0027W/YNL002C/YNL081C/YNL185C/YNL252C/YNR037C/YOR182C/YPL013C/YPL249C-A/YPR043W/YPR100W/YPR166C",66
"Early to Mature (Up)","Genetic Information Processing","Folding, sorting and degradation","sce03050","Proteasome","19/359","36/2564",0.527777777777778,3.76942123181678,6.75101329817456,3.37578933814405e-08,1.63725782899986e-06,1.47468692139977e-06,"YBL041W/YBR173C/YDL007W/YDR363W-A/YDR394W/YDR427W/YFR004W/YFR052W/YGL011C/YGL048C/YGR135W/YGR253C/YHR027C/YHR200W/YIL075C/YOL038W/YOR157C/YOR261C/YPR103W",19
"Early to Mature (Up)","Metabolism","Energy metabolism","sce00190","Oxidative phosphorylation","24/359","79/2564",0.30379746835443,2.16974013610239,4.26046469940318,0.000106510392169539,0.00294593517605012,0.00265341963767944,"YBL099W/YDL067C/YDR322C-A/YDR529C/YEL039C/YFR033C/YGL191W/YHR039C-A/YJL045W/YJL166W/YJR121W/YKL016C/YKL148C/YLL009C/YLR295C/YML081C-A/YMR145C/YMR256C/YOL077W-A/YOR065W/YPL078C/YPL271W/YPR020W/YPR191W",24
"Early to Mature (Up)","Metabolism","Carbohydrate metabolism","sce00020","Citrate cycle (TCA cycle)","13/359","31/2564",0.419354838709677,2.99505795668973,4.50854074648219,0.000121481862929902,0.00294593517605012,0.00265341963767944,"YBR218C/YDR148C/YFL018C/YGL062W/YJL045W/YKL085W/YKL148C/YKR097W/YLR174W/YNL037C/YNR001C/YOR136W/YPL262W",13
"Early to Mature (Up)","Metabolism","Energy metabolism","sce00920","Sulfur metabolism","7/359","15/2564",0.466666666666667,3.33296193129062,3.65582665001019,0.00232857113421466,0.0451742800037643,0.040688716661014,"YFR030W/YJR010W/YJR137C/YKL001C/YLR303W/YNL277W/YPR167C",7
"Early to Mature (Down)","Metabolism","Global and overview maps","sce01110","Biosynthesis of secondary metabolites","87/290","372/2564",0.233870967741935,2.06774193548387,7.95235147951384,3.11504580516736e-13,3.08389534711569e-11,2.16413708569522e-11,"YAL038W/YAL061W/YBR029C/YBR196C/YBR208C/YCL018W/YCL064C/YCR005C/YCR012W/YCR068W/YCR105W/YDL015C/YDL021W/YDL090C/YDR050C/YEL046C/YER005W/YER141W/YFL053W/YFR055W/YGL001C/YGL009C/YGL012W/YGL205W/YGL253W/YGR060W/YGR087C/YGR088W/YGR157W/YGR175C/YGR240C/YGR254W/YGR256W/YHL011C/YHR007C/YHR046C/YHR072W/YHR123W/YHR174W/YHR183W/YIL020C/YIL053W/YIR031C/YJL052W/YJL196C/YJR009C/YJR019C/YJR148W/YKL019W/YKL055C/YKL060C/YKL106W/YKL152C/YKL181W/YKR031C/YLL058W/YLR044C/YLR056W/YLR100W/YLR134W/YLR142W/YLR153C/YLR164W/YLR446W/YLR450W/YML070W/YML075C/YMR015C/YMR170C/YMR202W/YMR207C/YMR208W/YMR303C/YMR323W/YNL169C/YNL280C/YNR016C/YNR043W/YOL056W/YOL061W/YOL086C/YOL126C/YOR274W/YOR347C/YPL028W/YPL273W/YPR035W",87
"Early to Mature (Down)","Metabolism","Carbohydrate metabolism","sce00010","Glycolysis / Gluconeogenesis","25/290","55/2564",0.454545454545455,4.01880877742947,8.08062011071168,1.07840820444275e-10,5.33812061199161e-09,3.74604955227481e-09,"YAL038W/YBR196C/YCR012W/YCR105W/YDL021W/YDR050C/YGL253W/YGR087C/YGR240C/YGR254W/YHR174W/YJL052W/YJR009C/YKL060C/YKL152C/YLR044C/YLR134W/YLR153C/YLR446W/YMR170C/YMR303C/YMR323W/YOL056W/YOL086C/YOR347C",25
"Early to Mature (Down)","Metabolism","Global and overview maps","sce01200","Carbon metabolism","36/290","113/2564",0.31858407079646,2.81672261214525,7.0523565283918,1.52545769757357e-09,5.03401040199278e-08,3.53263887859142e-08,"YAL038W/YBR196C/YCL064C/YCR005C/YCR012W/YDL021W/YDR050C/YFL053W/YGL205W/YGL253W/YGR088W/YGR240C/YGR254W/YGR256W/YHL011C/YHR174W/YHR183W/YIR031C/YJL052W/YJR009C/YKL060C/YKL106W/YKL152C/YKL181W/YKR009C/YLR153C/YLR164W/YLR446W/YML070W/YMR323W/YOL056W/YOL061W/YOL126C/YOR347C/YOR388C/YPL028W",36
"Early to Mature (Down)","Metabolism","Global and overview maps","sce01212","Fatty acid metabolism","14/290","23/2564",0.608695652173913,5.38170914542729,7.5367342733171,1.32452855783714e-08,3.27820818064693e-07,2.30049696887504e-07,"YDL015C/YER061C/YGL055W/YGL205W/YHR067W/YIL009W/YJL196C/YKL055C/YKL182W/YMR207C/YMR246W/YNR016C/YPL028W/YPL231W",14
"Early to Mature (Down)","Metabolism","Lipid metabolism","sce00100","Steroid biosynthesis","12/290","18/2564",0.666666666666667,5.89425287356322,7.43997590832395,3.51184719181341e-08,6.95345743979056e-07,4.87961925599337e-07,"YCR048W/YGL001C/YGL012W/YGR060W/YGR175C/YHR007C/YHR072W/YLR056W/YLR100W/YMR015C/YMR202W/YNL280C",12
"Early to Mature (Down)","Metabolism","Lipid metabolism","sce00061","Fatty acid biosynthesis","9/290","13/2564",0.692307692307692,6.1209549071618,6.60914789557737,1.27772459130164e-06,2.10824557564771e-05,1.4794705794019e-05,"YER061C/YHR067W/YIL009W/YKL055C/YKL182W/YMR207C/YMR246W/YNR016C/YPL231W",9
"Early to Mature (Down)","Metabolism","Energy metabolism","sce00680","Methane metabolism","12/290","26/2564",0.461538461538462,4.08063660477454,5.63714762809232,7.8494691048892e-06,0.000111013920197719,7.79045054019078e-05,"YDL021W/YFL053W/YGR240C/YGR254W/YHR174W/YKL060C/YKL152C/YLR153C/YML070W/YMR323W/YOL056W/YOR388C",12
"Early to Mature (Down)","Metabolism","Carbohydrate metabolism","sce00620","Pyruvate metabolism","16/290","52/2564",0.307692307692308,2.72042440318302,4.47512860310957,0.000110390333375766,0.0013660803755251,0.000958652895105337,"YAL038W/YCR105W/YEL071W/YIR031C/YLR153C/YML054C/YMR170C/YMR207C/YMR303C/YNR016C/YOL086C/YOL126C/YOR347C/YOR391C/YPL028W/YPL280W",16
"Early to Mature (Down)","Metabolism","Global and overview maps","sce01230","Biosynthesis of amino acids","28/290","125/2564",0.224,1.98046896551724,4.01292487829853,0.000204887866084466,0.00225376652692913,0.00158159054521343,"YAL038W/YCL018W/YCL064C/YCR005C/YCR012W/YDL021W/YDR050C/YEL046C/YFR055W/YGL009C/YGR240C/YGR254W/YHL011C/YHR174W/YIL020C/YJL052W/YJR009C/YJR148W/YKL060C/YKL106W/YKL152C/YKL181W/YLL058W/YMR323W/YOL056W/YOL061W/YOR347C/YPR035W",28
"Early to Mature (Down)","Cellular Processes","Transport and catabolism","sce04138","Autophagy - yeast","22/290","90/2564",0.244444444444444,2.16122605363985,4.00420450749439,0.000273392939832413,0.00270659010434089,0.00189936147673045,"YAL002W/YBR080C/YBR097W/YCL038C/YCR068W/YFL033C/YFR021W/YGL212W/YHR186C/YHR205W/YJR066W/YKL048C/YKL062W/YKL203C/YLR240W/YLR396C/YMR037C/YMR231W/YNL101W/YNL242W/YOR003W/YPL203W",22
"Early to Mature (Down)","Metabolism","Carbohydrate metabolism","sce00051","Fructose and mannose metabolism","8/290","23/2564",0.347826086956522,3.07526236881559,3.56954341378414,0.00259391061188256,0.0229915462788137,0.0161344184412727,"YDR050C/YFL053W/YGL253W/YGR240C/YKL060C/YLR446W/YML070W/YOL136C",8
"Early to Mature (Down)","Metabolism","Lipid metabolism","sce01040","Biosynthesis of unsaturated fatty acids","5/290","10/2564",0.5,4.42068965517241,3.86973566086274,0.00278685409440166,0.0229915462788137,0.0161344184412727,"YDL015C/YGL055W/YGL205W/YJL196C/YJR019C",5
"Early to Mature (Down)","Cellular Processes","Transport and catabolism","sce04146","Peroxisome","11/290","41/2564",0.268292682926829,2.37207737594617,3.16220468900999,0.00446903741092504,0.0305863470549729,0.0214641031964722,"YEL020C/YGL205W/YGR088W/YIL009W/YKL197C/YMR208W/YMR246W/YNL202W/YNL329C/YOL147C/YPR128C",11
"Early to Mature (Down)","Metabolism","Lipid metabolism","sce00071","Fatty acid degradation","7/290","20/2564",0.35,3.09448275862069,3.35746354540273,0.00463429500832923,0.0305863470549729,0.0214641031964722,"YGL205W/YIL009W/YMR170C/YMR246W/YMR303C/YOL086C/YPL028W",7
"Early to Mature (Down)","Metabolism","Metabolism of terpenoids and polyketides","sce00900","Terpenoid backbone biosynthesis","7/290","20/2564",0.35,3.09448275862069,3.35746354540273,0.00463429500832923,0.0305863470549729,0.0214641031964722,"YDL090C/YKL019W/YLR450W/YML075C/YMR208W/YNR043W/YPL028W",7
"Early to Mature (Down)","Metabolism","Energy metabolism","sce00710","Carbon fixation by Calvin cycle","7/290","21/2564",0.333333333333333,2.94712643678161,3.19895913707855,0.00629205876544362,0.0389321136111824,0.0273207814815315,"YCR012W/YDR050C/YJL052W/YJR009C/YKL060C/YKL106W/YOL126C",7
"Early to Mature (Down)","Organismal Systems","Aging","sce04213","Longevity regulating pathway - multiple species","10/290","38/2564",0.263157894736842,2.32667876588022,2.94183950163416,0.00767918648965652,0.0447199683809409,0.0313824339515375,"YFL033C/YGR088W/YHR186C/YHR205W/YJR066W/YKL062W/YKL203C/YMR037C/YNL209W/YPL203W",10
