UniqueCount	AmbigCount
79	0
35	0
138	0
2334	2553
40	0
37	0
8	0
7	0
75	0
90	0
44	0
15	0
31	0
157	0
235	0
3	0
52	0
6	0
24	2
16	0
121	0
22	0
12	0
25	4
22	0
27	0
90	0
62	0
30	0
16	0
5	0
6	0
360	0
13	0
2	0
490	0
53	0
13	0
14	0
39	0
9	0
136	0
17	0
19	0
14	0
167	0
70	0
65	0
94	0
42	0
83	0
11	0
7	0
314	0
97	0
53	0
15	21
0	0
29	0
28	0
7	0
63	0
9	0
0	214
0	1
18	0
32	0
4	0
25	0
2	0
8	0
13	0
4	0
0	0
0	0
0	2
6	0
68	0
22	28
2	2
2	0
0	20
353	0
192	0
473	27
128	0
37	0
55	0
278	0
21	0
21	0
17	0
109	0
7	0
25	0
534	0
20	0
256	0
11	0
22	0
54	0
30	0
430	0
21	0
53	0
7	0
42	0
216	140
72	0
253	0
460	0
7	0
38	0
181	0
42	0
22	0
53	0
21	0
175	0
13	0
72	0
590	0
27	0
84	0
2	0
885	0
30	0
350	0
59	0
151	0
200	0
77	0
11	0
16	0
89	0
29	0
242	0
48	0
39	0
42	0
57	0
1804	0
212	0
107	0
18	0
8	0
69	497
13	0
195	0
208	0
182	0
83	0
18	0
9	5
23	0
47	3
93	0
215	0
74	47
87	0
26	0
79	0
515	0
491	0
43	0
37	0
45	0
33	0
2958	0
164	0
66	0
75	0
43	0
99	0
66	0
43	0
167	0
41	0
67	0
44	0
37	0
114	0
83	0
62	0
484	304
732	132
458	0
5	0
50	0
94	0
80	0
45	0
5	0
3	6
0	3
20	0
20	0
55	0
217	0
373	0
56	0
31	0
28	0
9	0
125	260
49	0
38	0
210	0
116	0
56	0
28	0
711	0
7	0
38	0
16	0
43	0
74	0
18	0
80	0
84	0
66	10
193	0
208	0
478	0
86	0
622	0
57	0
372	0
72	0
35	0
300	0
32	0
5	0
46	0
33	0
42	0
8	0
39	0
50	0
0	21
16	0
20	0
2641	0
104	0
36	0
27	0
27	0
289	0
91	0
63	0
125	0
453	0
40	0
53	0
0	0
291	0
16	0
98	0
33	119
36	0
2	1
19	7
47	0
72	0
27	0
48	0
113	0
754	0
30	0
54	0
16	0
267	0
197	0
11	0
56	0
99	0
29	0
240	0
226	8
232	0
179	0
403	0
0	5247
44	0
149	0
223	0
190	0
53	0
25	0
616	0
321	0
44	0
51	0
38	0
16	0
38	0
53	0
38	0
42	0
38	0
37	0
393	0
384	0
8	0
54	0
72	0
59	0
104	0
162	0
182	0
279	0
61	1
159	0
31	0
4	0
25	0
39	0
33	0
14	0
41	0
65	0
10	0
43	0
212	0
26	0
40	0
40	0
30	0
17	0
15	0
1455	0
26	0
44	0
147	0
243	0
11	0
22	0
248	0
181	0
17	0
118	277
20	0
219	0
8	0
52	0
23	0
34	0
14	0
246	11
163	9
21	0
21	0
13	0
13	0
399	0
3	0
100	0
134	0
36	0
27	0
38	0
126	0
27	0
53	0
69	0
131	0
20	0
26	0
26	0
10	0
287	0
74	0
30	0
10	0
411	24
0	4
10	4
138	0
131	0
11	0
51	0
61	0
18	0
82	0
594	0
27	0
14	0
122	0
106	0
21	0
80	0
33	0
47	0
34	0
68	0
11	0
24	0
5	0
137	0
12	0
14	0
42	0
104	0
9	0
59	0
23	0
51	0
14	0
58	0
378	0
55	0
12	0
12	0
63	0
22	0
99	0
123	0
31	0
22	0
29	28
91	0
150	0
28	0
16	0
22	0
93	0
21	0
55	0
57	0
54	0
205	0
38	0
22	0
77	0
145	0
105	0
40	0
1500	0
303	0
26	0
43	1
217	0
18	0
13	0
55	0
44	0
7	0
46	19
342	0
3	38
1	0
184	603
47	0
19	0
18	0
19	0
17	0
105	0
15	0
98	0
49	0
8	0
110	0
63	0
0	1493
0	270
72	0
242	0
5	0
49	0
8	0
146	0
36	0
19	0
36	0
76	0
679	0
10	0
20	0
58	0
47	0
412	16
25	16
401	0
16	0
61	0
9	0
2	0
31	0
134	0
55	0
56	0
65	0
11	0
35	0
105	0
99	42
49	0
46	0
6	0
22	0
4	0
161	362
0	4
4	6
4	4
4	0
57	0
90	0
95	0
27	0
10	0
127	0
73	0
2	0
168	0
557	0
26	0
7	0
71	0
77	0
1	0
6	0
37	0
17	0
3724	0
43	0
16	0
54	0
22	0
7	0
8	0
81	0
333	52
30	0
299	0
14	0
54	0
38	0
34	0
33	4
77	1
12	0
22	0
4	0
61	0
42	0
2	3
0	3
14	0
11	0
66	0
10	0
22	0
19	0
7	0
43	0
0	0
21	0
14	0
25	0
6	0
66	0
57	0
4	0
31	0
14	0
30	0
93	0
13	0
153	0
51	0
40	0
32	0
155	0
16	0
10	0
145	0
79	0
233	0
9	0
69	0
0	362
193	0
15	0
4	0
4	0
3	0
9	1
0	7
0	0
0	0
0	11
33	0
36	0
127	0
83	0
8	0
40	0
18	0
245	2
2241	0
1644	0
365	0
96	0
32	0
18	0
19	0
26	0
13	0
62	0
49	0
32	0
20	0
372	0
54	0
73	0
235	0
13	0
16	0
287	0
42	0
382	0
363	0
2	0
55	5
123	0
74	0
2551	0
20	0
42	0
83	0
85	0
51	0
30	0
29	0
2	0
3	2
145	0
188	0
132	0
30	0
86	44
73	0
38	0
16	0
68	0
1895	0
72	0
21	0
218	0
13	0
9	0
29	1
4	1
389	664
577	1118
0	0
0	0
0	0
0	11
0	7
219	0
349	0
117	0
65	0
31	0
79	0
13	0
384	0
49	0
34	0
4	0
200	0
99	0
32	31
18	0
38	0
251	0
51	0
25	0
72	0
343	0
50	0
42	0
82	0
147	0
175	0
53	0
73	0
141	0
300	0
54	0
25	0
244	0
45	0
248	0
190	0
290	0
102	0
3	16
35	0
22	0
34	0
84	0
304	0
202	0
39	0
89	0
133	0
23	0
163	0
45	0
288	0
6579	0
457	0
113	0
126	9
112	0
51	0
36	0
29	0
29	0
177	0
128	0
13	0
279	0
28	2
3271	0
146	0
141	0
84	0
21	0
66	0
78	0
190	169
22	0
3	0
25	0
80	0
166	0
199	0
321	6
67	0
76	0
2	0
62	0
26	0
405	0
59	0
75	0
649	0
65	0
97	0
220	0
51	0
20	0
142	0
69	0
103	0
24	0
26	497
3176	0
10	0
92	0
9	0
28	0
101	0
137	0
73	0
19	0
53	0
51	0
34	0
222	47
14	0
21	0
114	0
12	0
125	0
42	0
171	0
210	0
18	0
33	0
17	0
80	0
47	0
261	0
60	0
372	0
9	0
78	0
14	0
0	154
8	0
19	0
396	0
75	0
77	0
39	0
26	0
9	38
33	0
94	0
19	0
2967	0
197	0
29	0
3	0
53	0
196	0
15	0
21	0
146	0
166	0
0	33
101	0
45	0
55	0
227	0
341	0
224	0
80	0
39	0
143	0
5	0
33	0
127	0
25	0
97	0
57	0
229	0
543	0
356	0
4	0
15	0
290	0
12	0
10	0
11	0
18	0
8	0
0	13
0	704
76	245
194	0
21	0
67	0
4	0
74	0
91	0
13	0
41	0
27	0
12	0
23	0
17	0
186	0
36	0
27	0
1	0
58	0
45	0
501	0
2	0
61	0
158	0
63	0
15	0
170	0
61	0
45	0
248	0
87	0
471	0
77	37
617	0
32	0
162	0
49	0
29	0
26	0
9	0
8	0
5	0
0	7
11	0
23	28
0	49
13	595
46	0
13	0
26	0
58	0
15	0
222	0
136	0
789	0
213	0
274	0
34	0
18	0
20	0
6	0
7	0
89	0
83	0
260	0
120	0
84	0
300	0
2	0
131	0
38	0
50	0
70	0
1283	0
155	0
54	0
51	0
27	0
29	0
28	0
24	0
8	0
28	0
571	0
37	0
36	0
11	0
15	0
105	0
173	22
74	22
25	0
7	0
24	0
23	0
353	0
77	0
359	0
48	0
0	943
0	25
24	25
72	0
17	0
52	0
64	0
14	0
6	0
41	0
125	0
39	0
62	0
3	0
78	0
39	0
7	0
1060	0
25	0
84	0
44	0
32	0
39	0
142	0
43	0
61	0
173	0
66	0
357	0
26	0
20	0
14	0
45	0
868	0
81	0
56	0
183	0
29	0
135	15
53	2
24	2
237	0
78	0
294	0
23	0
12	0
97	0
159	0
347	0
3	0
48	0
90	0
80	0
9	0
44	0
51	0
125	0
186	0
74	0
37	0
20	0
84	0
13	0
86	0
17	0
82	0
29	0
12	0
7	0
1	0
23	0
6	0
7	0
31	0
83	0
33	0
11	0
98	0
4	0
28	0
707	0
0	8
65	0
143	234
27	0
12	0
171	0
5	0
747	0
60	0
4	0
26	0
36	0
21	0
127	0
8	0
46	0
51	0
16	0
4	0
91	0
41	0
30	0
123	0
586	0
44	0
80	0
167	0
26	0
9	0
15	0
21	0
35	0
23	0
12	0
86	251
9	0
244	0
14	0
37	0
263	0
37	0
23	0
120	0
5	0
1	0
39	0
28	0
52	0
2	0
159	0
33	0
30	0
380	0
35	0
78	0
68	0
19	0
87	0
91	0
194	0
49	0
17	0
82	147
36	0
162	0
31	0
31	0
97	0
17	0
4	0
22	16
1	0
0	2
1	19
26	6
0	98
0	698
21	0
44	0
32	0
17	0
158	0
16	0
29	0
18	0
20	0
18	0
8	0
53	0
54	0
22	0
51	0
122	0
169	245
39	0
14	0
27	0
42	0
15	0
53	0
83	0
63	0
2	0
156	0
194	0
295	0
107	0
85	0
145	0
9	0
43	0
40	0
60	0
92	0
30	0
45	0
42	0
342	0
77	0
226	0
61	0
10	0
28	0
145	0
265	39
23	0
43	0
385	0
19	0
2	125
13	0
190	0
135	0
28	0
176	0
17	0
27	0
57	0
46	169
122	0
20	0
4	0
26	0
185	2
1501	0
98	0
140	0
255	0
13	0
42	0
25	0
63	0
157	0
105	0
3	0
29	0
31	0
21	0
54	0
100	0
39	0
20	0
59	0
110	0
31	0
113	0
1	0
22	0
9	0
145	49
15	0
526	0
124	0
89	0
22	0
91	0
430	0
44	0
7	0
269	0
245	0
6	0
32	0
433	0
39	0
61	0
44	0
83	0
49	0
943	0
329	0
48	0
19	0
147	0
70	0
11	0
4	0
122	0
12	0
63	0
1414	0
123	0
138	0
14	0
23	0
133	0
230	0
119	0
19	0
50	0
42	0
239	66
304	0
21	0
111	0
23	0
60	0
55	0
515	0
31	0
65	0
15	0
26	0
42	0
70	0
62	0
12	0
49	0
24	0
5	12
4	5
0	18
0	6
0	394
34	0
119	0
91	0
114	0
17	0
307	0
50	0
11	0
1	0
50	0
47	0
27	0
0	0
35	0
23	0
111	0
148	0
23	0
19226	0
36	0
76	0
36	0
87	0
19	0
19	0
6	0
9	0
28	0
7	0
24	0
24	0
37	0
122	0
115	0
43	0
212	0
42	0
100	12
1	8
2	0
382	0
270	0
74	0
72	0
370	0
74	245
76	0
52	0
134	0
297	0
13	0
140	0
85	0
28	0
61	0
925	0
52	0
6	0
31	0
176	0
17	0
98	0
288	0
34	0
66	0
372	0
28	0
98	0
48	0
231	0
12	0
69	0
416	0
4	0
173	0
66	0
34	0
65	0
27	0
298	0
16	0
102	0
18	0
31	0
27	0
61	0
23	0
21	0
1591	0
4	0
313	0
43	0
21	0
36	0
2368	0
29	0
253	0
206	0
444	0
333	0
312	0
33	0
32	0
10	0
26	0
36	0
378	0
94	0
68	0
75	0
11	0
104	0
155	0
47	0
332	0
4	0
3107	0
14	0
233	0
86	0
60	0
19	0
125	0
55	0
50	0
178	0
20	0
98	0
15	0
25	0
187	0
200	0
570	0
75	8
97	0
16	0
35	0
33	0
1172	0
73	0
98	0
41	0
93	0
23	0
309	0
26	0
26	0
44	0
135	0
97	0
63	0
111	0
28	0
13	0
268	0
20	0
22	0
53	0
46	0
85	0
86	0
95	0
30	0
137	0
510	0
578	0
36	0
26	0
287	0
212	0
1051	0
17	0
1078	0
274	0
771	0
41	0
86	0
123	0
151	0
19	0
310	0
10	0
25	0
809	195
572	195
57	0
23	0
30	0
30	0
65	0
57	0
162	0
25	0
46	0
109	0
62	0
9	0
105	0
218	1
52	0
363	0
45	0
16	0
154	0
66	0
10	0
46	0
19	0
33	0
28	0
248	0
143	0
27	0
1179	0
54	0
20	0
22	0
779	0
95	0
154	0
38	0
51	0
67	0
3	0
16	0
280	0
78	0
53	0
115	0
33	0
32	0
17	0
175	0
13	0
9	0
19	0
19	0
110	0
1	8
120	0
105	0
43	0
12	0
10	0
56	0
46	0
91	0
79	0
58	0
447	0
148	0
129	0
172	0
594	0
19	0
145	0
16	0
5	0
60	0
39	0
103	0
22	0
19	0
9	0
16	0
67	0
68	0
13	0
122	0
66	0
22	0
14	0
48	0
363	0
14	0
325	0
40	0
20	0
6	0
382	0
141	0
276	0
17	0
29	0
11	0
39	0
266	0
17	0
52	0
125	0
308	0
14	607
9	0
72	0
40	0
58	0
41	0
72	0
179	0
234	0
33	0
289	0
14	0
533	0
131	8
38	0
542	0
283	0
38	0
26	0
17	0
66	0
44	0
38	0
11	0
38	0
68	0
45	0
24	0
23	0
142	0
17	0
31	0
31	0
191	0
179	66
850	0
157	0
231	0
51	0
60	0
196	0
53	0
14	0
19	0
4	0
3	6
0	4
5	2
0	121
0	20
0	139
0	17
0	20
253	557
5	84
0	15
5	23
0	5
0	0
0	0
0	0
0	0
4	0
24	0
38	0
70	0
17	0
36	0
116	0
21	0
68	0
98	0
8	0
1492	0
307	0
155	0
203	0
21	0
117	0
142	0
656	0
283	0
30	0
41	0
16	0
19	0
21	0
89	0
177	0
62	0
121	0
14	0
646	0
27	0
641	0
5015	0
91	0
1	0
3	0
11	9
42	2
117	0
300	0
77	0
146	0
11	0
54	0
23	0
72	0
69	0
170	0
554	0
12	0
141	0
71	0
8	0
82	0
608	0
198	0
7	0
45	0
94	0
287	0
1004	0
446	0
18	0
113	3
18	0
75	0
9	0
48	0
0	0
5	0
47	0
75	0
1276	0
90	0
2	0
5503	0
22	0
13	28
39	0
103	0
77	0
28	0
652	0
123	0
35	0
12	0
376	0
49	0
23	0
51	0
26	0
241	0
278	0
120	0
278	0
2491	0
10	0
1	0
3	0
14	9
2344	0
6	0
881	0
37	0
249	0
127	245
275	0
72	0
54	0
29	0
253	0
124	39
0	0
0	0
3	8
2	2
0	6
0	7
0	223
12	1162
0	111
1	43
3	466
0	0
0	5
191	140
217	119
108	0
26	0
43	0
55	0
396	0
356	0
42	0
879	0
16	0
69	9
34	0
35	0
55	0
59	0
12	0
24	0
449	0
672	0
113	0
438	0
102	0
189	0
89	0
103	0
132	0
86	0
184	0
13	0
120	0
29	0
10	0
17	0
130	0
16	0
3	0
19	0
23	0
50	0
54	0
553	0
9	0
26	0
50	0
110	0
70	0
389	0
87	0
10	0
555	0
234	0
40	0
146	0
7	0
29	0
172	0
334	0
315	0
16	0
1646	0
266	0
28	0
213	0
417	0
36	0
57	0
313	0
272	0
33	0
164	0
54	1
107	8
187	0
19	0
72	0
8	0
89	0
25	0
15	0
131	0
82	0
23	0
186	0
283	0
5	0
390	0
171	0
41	0
38	0
17	0
26	0
22	0
42	0
22	0
33	0
13	0
651	0
10	0
34	0
94	0
7	0
105	0
29	0
31	0
15	0
69	0
19	0
193	0
13	0
447	0
112	0
1871	0
14	0
154	0
40	0
275	0
106	24
167	0
50	0
162	17
105	486
26	0
52	436
223	1
38	0
37	0
534	0
15	0
22	0
137	0
33	0
131	0
9	0
530	0
85	0
58	0
27	0
88	0
27	0
27	0
25	0
45	0
47	0
234	0
77	0
21	0
76	0
23	0
16	0
997	0
46	0
100	0
697	0
81	0
362	0
51	0
31	0
4	0
94	0
20	0
68	0
481	0
100	24
14	0
56	486
551	0
5	0
72	17
24	0
73	0
73	436
166	1
23	0
77	0
212	0
57	0
144	0
44	0
18	0
32	0
64	0
15	0
1478	0
243	0
53	0
91	0
110	0
17	0
19	0
4	0
106	0
166	0
56	0
220	0
16	0
4	0
8	0
10	0
11	0
45	0
1002	0
25	0
99	0
19	0
8	0
102	87
118	0
120	0
22	0
18	0
165	0
26	0
39	0
44	0
14	0
147	0
41	0
4	0
263	16
0	6
0	112
0	112
1	20
51	381
762	0
449	0
40	0
22	0
44	0
101	0
56	0
10	0
320	0
124	260
13	0
37	0
11	0
73	0
24	0
96	0
5	0
15	0
22	0
120	0
107	10
61	0
120	0
290	0
101	0
124	0
211	0
430	0
295	0
141	0
95	0
218	0
17	60
0	64
12	64
76	0
14	0
159	0
74	0
6	0
6	0
94	0
67	0
1452	0
64	0
149	0
249	0
890	0
99	0
49	0
66	0
82	0
148	0
59	0
82	0
53	0
312	0
7	0
7	0
23	0
100	0
195	0
2065	0
142	0
46	0
81	0
614	0
14	0
26	0
1393	0
20	0
328	0
65	0
52	0
12	0
85	0
35	0
495	0
192	0
18	0
146	0
39	0
12	0
20	0
86	0
108	0
340	0
41	0
57	0
739	1
32	0
29	0
18	0
49	0
93	0
7	0
20	0
18	0
25	0
23	0
23	0
15	0
13	3
58	3
105	0
44	0
20	0
29	0
89	0
34	0
134	0
6	0
24	0
27	0
27	0
274	0
46	0
380	0
12	0
16	0
9	0
185	0
26	0
46	0
47	0
31	0
92	0
14	0
64	0
20	0
93	1
37	0
25	0
763	0
979	0
82	0
56	0
111	0
1126	0
8	0
232	0
217	0
26	0
19	0
16	0
66	0
29	0
25	0
83	0
100	0
141	0
78	0
337	1
3857	0
123	0
137	2
352	0
43	0
109	0
277	0
459	0
22	0
10	0
45	0
39	0
81	0
14	0
19	0
53	0
316	0
195	0
44	0
57	0
10	0
5	0
333	0
109	0
120	0
77	0
6	0
213	0
17	0
96	0
96	0
32	0
32	0
34	0
169	0
0	17
89	0
148	0
31	0
245	0
416	0
86	0
11	0
169	0
30	0
19	0
27	0
723	0
415	27
248	0
196	0
40	0
72	0
339	0
341	0
292	0
62	0
19	0
20	0
82	0
179	0
64	0
13	0
53	0
29	0
114	0
101	0
62	0
256	0
49	0
21	0
231	0
12	0
464	0
145	0
194	0
28	0
28	0
6016	0
140	0
15	0
91	0
105	0
25	0
23	0
20	0
39	0
13	0
18	0
46	0
191	0
212	0
67	0
750	0
52	0
18	0
28	0
4	0
8	0
215	0
60	0
22	0
21	0
18	0
19	0
78	2
41	0
34	0
707	0
174	0
83	0
136	0
166	0
358	0
73	0
19	0
58	0
47	0
22	0
141	0
52	0
191	0
53	0
10	0
49	0
122	0
72	0
40	0
118	0
14	0
14	0
171	0
8	0
33	0
23	0
87	0
6	0
113	0
36	0
22	0
33	0
109	0
86	0
194	0
80	0
36	0
27	0
76	0
210	0
293	0
53	0
95	0
35	0
56	0
113	0
501	3228
332	3228
622	497
223	0
67	0
48	0
37	0
63	0
66	0
10	0
136	0
28	0
352	0
128	0
217	0
113	0
95	0
59	0
89	0
8	0
107	0
21	17
49	0
123	0
32	0
22	0
19	0
76	0
49	0
5	0
91	0
48	0
331	0
36	0
65	0
30	0
241	0
278	0
20	0
31	0
62	515
29	0
49	0
401	0
63	0
103	0
14	0
45	0
72	0
413	0
50	0
33	0
53	0
75	0
9	0
19	0
226	0
35	0
219	0
359	0
58	0
69	0
31	0
22	0
80	0
58	0
16	0
10	0
28	0
238	44
22	0
74	0
64	0
62	0
56	0
90	0
36	0
273	0
3	0
247	0
136	0
552	0
31	0
44	0
23	0
3	0
20	0
5	0
33	0
28	0
51	0
71	0
9	0
392	39
18	0
13	0
246	3
26	0
477	0
14	0
72	0
239	0
469	0
171	0
16	0
59	0
30	0
34	0
310	0
301	0
11	0
60	0
38	0
28	0
46	0
141	0
53	0
144	0
66	0
22	0
73	0
19	0
136	0
11	0
90	0
55	0
165	0
25	0
251	0
68	0
276	0
10	0
12	0
90	0
81	0
40	0
162	0
154	0
68	0
255	0
31	0
29	0
359	32
13	0
68	1
9	0
40	0
186	0
9	0
142	0
9	0
144	0
103	0
105	0
572	0
25	0
106	0
307	0
22	0
53	0
26	0
27	0
2	0
18	0
49	0
250	0
53	0
2689	0
119	0
23	0
84	0
957	0
20	0
196	0
8	0
37	0
18	0
11	0
0	6
0	844
32	0
0	7
32	0
29	9
16	0
0	1539
48	0
64	0
44	0
26	0
49	0
28	0
18	0
571	0
1656	18
156	0
35	0
422	0
89	0
117	1
85	0
2	0
18	0
23	0
10	0
69	0
40	0
20	0
128	0
47	0
39	0
189	0
58	0
38	0
49	0
238	0
252	8
10	0
7	0
36	0
189	0
865	0
116	0
19	0
125	0
28	0
43	0
139	0
27	0
346	0
137	0
28	0
0	2
0	0
314	0
162	0
35	0
15	0
79	0
140	0
26	0
21	0
714	24
6	0
28	0
53	0
112	0
30	0
108	0
16	0
85	0
346	0
32	0
85	169
103	0
137	0
10	0
68	0
14	0
65	0
27	0
58	0
10	0
131	0
69	0
7	0
25	0
30	0
57	0
75	0
78	0
48	0
279	0
27	0
27	0
41	0
36	0
12	0
350	0
23	0
111	0
42	0
67	0
93	0
84	0
40	0
24	0
19	0
58	0
73	0
47	0
157	0
31	0
30	0
260	0
87	0
296	0
21	0
81	0
16	0
39	0
13	0
78	0
30	0
75	0
370	0
36	0
14	267
29	0
167	0
1	0
24	0
106	0
73	0
29	0
52	0
13	0
41	0
9	0
70	10
154	0
220	0
84	0
67	0
27	0
12	0
328	0
9	0
4	0
22	0
34	0
41	0
4	0
301	0
62	0
29	0
168	22
94	22
15	0
11	0
43	0
48	0
717	0
25	0
13	0
19	0
236	0
69	0
220	0
49	0
59	0
149	0
8	0
490	0
445	0
681	0
82	0
1432	0
0	24
0	33
44	0
149	0
96	0
151	0
62	0
146	0
48	0
128	0
152	0
24	0
505	0
229	0
27	0
89	0
21	0
27	0
11	0
33	0
68	0
43	0
316	0
32	0
64	0
158	0
19	0
36	0
79	0
61	0
74	0
96	0
180	0
62	0
3	0
81	0
24	0
87	0
41	0
0	4
26	4
11	0
94	0
4	0
16	0
12	0
8	0
125	0
236	0
28	0
18	0
99	0
4	15
25	0
20	0
136	0
29	0
9	0
15	0
18	0
17	0
1	0
11	12
0	1
0	7
8	0
3	0
63	0
57	0
30	0
17	0
93	0
21	0
37	0
1038	0
407	0
14	0
23	0
156	0
69	0
10	0
4	0
38	18
83	0
102	0
50	0
51	0
39	0
155	0
446	0
78	0
52	0
35	0
4	2
1373	0
42	0
154	22
48	0
3	0
82	0
10	0
10	0
36	0
31	0
655	0
22	0
29	0
115	0
130	0
11	0
17	0
94	0
31	0
12	0
67	0
17	0
25	0
9	0
81	0
140	0
23	0
33	0
39	0
47	0
75	0
13	0
252	0
17	0
154	0
9	0
23	0
58	0
33	0
10	0
82	0
53	0
12	0
45	0
173	0
81	0
82	178
748	0
37	0
70	0
127	0
29	0
11	0
24	0
96	0
284	0
51	0
10	0
99	0
44	0
38	0
68	0
46	0
98	0
178	0
20	0
41	0
184	0
24	0
11	0
59	0
32	0
29	0
36	0
460	0
32	0
221	161
57	0
10	0
28	0
2	0
15	0
185	1
264	0
7	0
45	0
24	0
22	0
1051	0
4	0
205	0
9	0
26	0
295	0
35	0
72	108
28	0
30	0
5967	0
113	0
6	0
68	0
10	0
69	0
379	8
20	0
54	0
29	0
24	0
22	0
137	0
27	0
53	0
8	0
63	0
121	0
77	0
69	0
68	0
43	0
175	0
26	0
12	0
52	0
33	0
16	0
19	0
109	0
134	0
4	0
117	0
19	0
526	0
33	0
435	0
272	0
63	0
641	0
14	0
9	0
199	0
51	0
2276	834
46	0
111	0
21	0
100	0
73	0
57	0
79	0
38	0
37	0
199	0
8	0
357	0
68	0
34	0
78	0
8	0
829	0
74	0
265	0
19	0
14	0
148	0
88	0
24	0
49	0
418	0
86	0
27	0
71	0
54	0
13	0
7	0
21	0
243	0
7	0
185	0
93	0
68	0
552	0
148	0
718	0
188	0
78	0
65	0
428	0
121	0
513	0
163	0
77	0
101	0
34	0
220	0
54	0
383	0
47	0
51	0
316	0
1138	251
273	0
197	0
28	0
87	0
46	0
69	0
14	0
27	0
62	0
37	0
177	0
18	0
518	0
59	0
2	0
115	0
59	0
137	0
43	0
21	0
1789	0
226	0
410	0
719	0
20	0
52	0
370	0
41	0
11	6
0	0
0	0
0	38
1	6
0	263
0	743
908	0
271	0
10	0
0	90
0	0
0	0
271	0
114	0
30	0
15	0
340	0
30	0
71	0
25	0
3	0
54	0
12	0
195	0
93	0
17	0
828	0
21	0
15	0
6	0
353	0
3	0
1	0
60	0
21	0
59	0
74	0
2054	0
54	0
90	0
9	0
2	0
42	0
84	0
215	0
0	0
33	0
83	0
14	0
24	0
60	0
33	0
96	0
16	0
593	256
37	0
63	0
196	0
11	0
78	0
8	0
19	0
136	0
41	0
30	0
76	0
19	0
180	0
52	0
14	0
79	0
30	0
6	0
92	0
87	0
119	13
68	7
51	0
151	0
59	0
52	0
68	0
24	0
142	0
28	0
25	0
92	0
195	0
51	0
58	0
113	0
53	0
267	0
54	0
133	0
45	0
67	0
21	0
96	0
378	0
319	0
161	0
81	0
12	0
22	0
21	0
9	0
37	0
22	0
126	0
143	0
0	0
0	0
68	0
106	0
87	0
9	0
47	0
23	0
270	1
55	0
19	0
13	0
19	0
66	0
166	0
1303	0
112	0
50	0
29	0
46	0
495	0
127	0
176	607
14	0
259	0
202	88
69	0
408	0
26	0
18	0
5	0
41	0
32	0
711	0
58	0
149	0
281	0
47	0
11	0
374	19
567	19
4	0
70	0
18	0
133	0
205	0
458	0
2724	0
250	0
58	0
3	0
202	0
146	0
47	0
205	0
79	0
122	1
70	0
14	0
61	0
26	0
46	0
28	0
17	0
43	0
24	0
426	0
78	6
95	52
56	0
8	0
15	0
46	0
88	0
23	0
67	0
43	0
18	0
20	0
44	0
125	0
152	0
31	0
33	0
26	0
12	0
6	0
9	0
4	0
31	0
11	0
0	1
2	18
0	416
80	0
38	0
28	0
17	0
77	0
34	0
32	0
61	0
654	903
15	0
243	0
10	0
14	0
29	0
137	0
36	0
312	0
25	0
29	0
11	0
10	0
9	0
24	0
0	0
0	190
0	0
0	1
11	0
30	0
29	0
50	0
69	0
64	0
23	0
108	0
35	0
23	0
19	0
16	0
33	0
1242	0
43	0
56	0
406	0
66	0
57	0
82	0
112	0
15	0
34	0
9	0
37	0
14	0
48	0
653	0
15	0
96	0
10	0
13	0
93	0
79	0
166	0
14	0
58	0
14	0
31	0
155	0
117	0
28	0
50	0
124	0
605	0
12	0
5	4
99	4
13	0
28	0
30	0
318	0
9	0
32	0
75	0
100	1
137	0
45	0
20	0
41	0
196	4
112	0
550	0
7	0
42	0
8	0
43	0
102	0
8	0
107	0
537	0
95	0
5	0
25	0
1	0
172	0
46	0
63	0
45	0
89	0
39	0
56	0
254	0
46	0
19	0
145	0
3693	0
77	0
343	0
10	0
80	0
78	0
367	0
8	0
66	0
20	0
17	0
52	0
156	0
4	0
13	0
777	0
162	0
364	0
58	0
16	0
40	0
91	0
86	0
91	147
4	0
28	0
44	0
2	0
45	0
152	0
4	0
12	0
27	0
3	6
0	112
0	112
0	20
25	403
149	0
9	0
56	0
13	0
70	0
16	0
37	0
70	0
774	0
42	0
27	0
50	0
236	0
37	0
104	0
362	0
489	0
159	0
17	0
151	0
889	2553
4	0
10363	0
272	0
641	0
368	0
50	0
47	0
15	0
24	0
6	0
38	0
21	0
2347	0
1188	0
409	0
32	0
79	0
193	37
85	0
468	0
19	0
337	0
19	0
10	0
34	0
34	0
524	0
104	0
14	0
46	0
11	0
65	0
68	0
0	0
1	6
0	888
0	583
122	0
28	0
48	0
28	0
46	0
105	0
73	0
24	0
64	0
13	0
4	0
1	0
0	0
12	0
47	0
26	0
35	0
42	0
142	0
26	0
16	0
25	0
28	0
130	0
211	0
51	0
231	0
219	0
230	20
10	0
7	0
43	0
66	0
54	0
41	0
9	0
5	0
398	0
55	0
18	0
10	0
344	0
665	2
95	0
28	0
18	0
130	0
60	0
39	0
59	0
13	0
43	0
9	0
29	0
52	0
33	0
118	0
64	0
71	0
205	0
9	0
266	0
14	0
44	0
42	0
67	0
116	0
8	0
74	0
42	0
6	0
69	0
993	0
39	0
40	0
172	0
37	0
2	0
11	0
31	0
25	0
28	0
113	0
177	0
18	0
71	0
33	0
14	0
642	0
46	0
71	0
98	0
29	0
56	0
15	0
90	0
32	0
34	0
16	0
32	0
44	0
398	0
37	0
23	0
658	0
5064	0
128	0
56	0
81	0
29	0
52	0
39	0
39	0
85	0
48	0
3	0
17	0
15	0
10	0
41	0
21	0
62	0
5	0
54	0
147	2
25	0
9	0
15	0
175	0
18	0
23	0
806	0
11	0
25	0
24	0
12	0
17	0
41	0
272	0
197	0
11	0
41	0
120	0
35	0
0	0
0	0
12	4052
116	0
14	0
22	0
54	0
867	0
215	0
40	0
34	0
17	0
123	0
142	2
82	0
323	0
1501	0
209	0
42	1
28	0
67	0
13	0
276	32
26	0
91	0
17	0
214	0
130	0
34	0
162	0
115	0
86	0
55	0
61	0
98	0
25	0
13	0
152	0
207	0
230	0
57	0
189	0
66	0
99	0
36	0
10	0
18	0
18	0
5	0
17	0
32	0
315	0
151	0
214	0
81	0
38	0
18	0
485	0
37	0
149	0
55	0
63	0
22	0
70	0
7	0
13	0
8	0
68	0
59	0
22	0
36	0
74	0
8	0
9	0
174	0
5	0
28	0
401	0
441	0
684	0
56	0
30	0
46	0
112	0
308	0
392	0
713	0
600	0
46	0
0	11
9	11
40	0
24	0
3	0
11	0
8	0
48	0
404	0
25	0
26	0
12	0
21	0
14	0
70	0
43	0
136	0
2	0
34	0
15	0
16	0
507	0
6	0
523	371
19	0
32	0
93	0
18	0
52	0
139	0
414	0
202	0
101	0
56	0
307	0
56	0
1633	0
1313	0
117	0
35	0
4	0
5	0
368	0
240	0
118	0
53	0
11	0
154	0
1	0
15	0
3	0
35	0
64	0
31	0
13	0
109	0
293	0
29	0
2363	0
32	0
0	0
294	0
65	8
132	0
134	0
64	0
47	0
227	0
9	0
1022	0
51	0
135	22
180	0
44	0
93	0
72	0
236	0
38	0
39	0
38	0
109	0
254	0
115	0
31	30
90	0
54	0
24	0
30	0
6	0
28	0
140	6
28	0
28	0
71	0
83	0
40	0
47	0
296	0
9	0
287	0
141	0
44	0
9	0
68	0
76	0
101	0
1	0
48	0
195	0
124	0
173	0
191	0
35	0
17	0
71	0
339	0
29	0
20	0
64	0
497	0
27	0
73	0
12	0
9	0
73	0
27	0
34	0
21	0
98	0
172	0
41	0
10	0
64	0
0	0
28	0
27	0
61	0
18	0
97	0
130	0
44	0
20	0
51	0
11	0
99	0
51	0
223	0
13	0
57	9
30	0
14	0
93	0
54	0
193	0
72	0
14	0
242	13
53	0
6	0
1	0
27	0
118	0
79	0
69	0
64	0
99	0
15	0
15	0
373	0
124	0
17	0
16	0
18	0
1	1
1	3
0	17
0	805
107	0
29	0
5	0
345	0
24	0
94	0
286	0
31	0
218	0
134	0
15	0
209	0
45	0
21	0
20	0
113	0
100	0
55	0
5	0
36	0
12	0
14	0
14	0
202	39
117	0
88	3
37	0
1577	0
21	0
218	0
73	0
31	0
203	0
127	0
21	0
10	0
17	0
0	153
34	0
500	0
22	0
0	90
14	0
3	0
219	0
113	0
24	0
34	0
30	0
37	0
217	0
64	0
32	3
143	0
182	0
198	0
13	0
34	0
95	0
266	13
10	0
60	0
18	0
42	0
16	0
86	0
173	0
123	0
670	0
248	0
323	0
46	0
65	0
14	0
171	0
49	0
10	0
186	0
31	0
4	0
75	0
71	0
349	0
100	0
1207	0
152	0
98	0
28	0
7	0
26	0
30	0
16	0
42	0
795	0
44	0
18	0
74	0
22	0
30	0
59	0
11	0
17	0
45	0
178	0
63	0
13	0
9	0
48	0
45	0
21	0
234	0
27	0
101	0
545	0
34	0
0	14
47	0
150	0
106	0
35	0
396	0
192	0
668	0
629	0
0	946
59	0
418	0
12	0
94	0
134	0
64	0
94	0
483	0
31	0
20	0
533	0
13	0
82	0
51	0
34	0
9	0
6	0
41	0
91	0
24	0
59	0
22	0
48	0
20	0
26	0
182	0
74	0
80	0
365	0
569	0
10	0
73	0
12	0
13	0
48	0
56	0
35	0
314	0
78	0
35	0
5	0
103	0
154	0
0	5
0	4
118	0
16	0
51	0
0	33
0	0
14	0
51	0
118	0
14	0
55	0
18	0
1	0
52	0
95	0
123	0
3	0
43	0
9	0
57	0
66	0
35	0
2	0
70	0
120	0
303	0
30	0
115	0
57	36
55	0
51	0
22	0
26	0
67	0
455	0
220	0
2	0
10	0
147	0
36	0
43	0
744	0
1007	0
83	0
53	0
12	0
10	0
6	0
17	0
51	0
77	0
79	0
180	0
9	0
180	0
106	0
825	0
20	0
47	0
278	0
90	0
386	0
17	0
21	0
14	0
120	0
64	0
196	0
7	0
128	0
45	0
66	0
54	20
36	0
207	0
66	0
25	0
18	0
92	0
87	0
10	0
29	0
8	0
7	0
24	0
79	0
177	0
19	0
9	0
88	0
134	0
341	1
194	8
18	0
563	0
78	0
27	37
0	37
76	0
33	0
103	0
24	0
19	0
36	0
20	0
80	0
52	0
19	0
44	0
19	0
56	0
27	0
32	1
94	0
19	0
28	0
17	0
124	97
20	97
100	0
72	0
1747	0
81	0
3432	0
106	0
21	0
121	0
46	0
49	0
290	0
51	0
29	0
51	0
76	0
5171	695
13	0
281	0
166	0
91	0
105	0
47	0
241	0
167	111
289	0
429	0
67	0
25	0
32	0
56	0
70	0
35	0
114	0
20	0
299	0
53	0
89	0
23	0
16	0
145	0
18	0
37	0
78	0
36	0
38	0
97	0
63	0
28	0
276	0
29	0
34	0
42	0
11	0
16	0
85	0
197	0
106	0
19	0
116	0
199	0
27	0
5	0
19	0
43	0
41	0
24	0
33	0
58	0
19	0
44	0
52	0
152	30
84	0
78	0
5	0
17	0
60	0
295	0
8	0
6462	0
41	0
113	0
217	0
1047	0
67	0
27	0
42	0
85	0
128	0
23	0
27	0
37	0
22	0
192	0
19	0
21	0
47	0
33	0
75	0
181	0
115	0
10	0
36	0
69	0
73	0
167	0
22	0
623	0
48	0
62	0
17	0
28	0
38	0
128	0
50	0
49	0
15	0
31	0
245	0
82	0
24	0
50	0
308	0
111	0
618	0
173	0
31	0
43	0
49	0
355	0
23	26
290	0
241	0
44	0
249	0
57	0
43	0
14	0
901	0
29	0
183	0
152	0
197	0
24	16
61	0
35	0
20	0
0	23
4	19
2	50
0	15
70	0
141	0
19	0
103	0
183	0
62	0
2282	0
61	0
19	0
82	0
33	0
18	0
314	0
512	0
227	0
4	6
0	8
34	0
28	0
30	0
36	0
13	0
9	0
46	0
54	0
29	0
355	304
401	132
23	0
0	8
6	6
10	0
608	0
1054	0
18	0
248	0
8	0
56	0
24	0
35	0
76	0
27	0
14	0
45	0
20	0
72	0
50	0
500	0
28	0
76	0
2022	0
21	0
31	0
182	0
71	0
25	0
24	0
349	0
19	0
58	0
79	10
53	0
119	0
144	0
187	0
13	0
119	0
109	0
17	0
38	0
221	0
45	0
993	0
41	0
100	0
26	0
31	0
200	0
54	0
11	0
72	0
210	0
12	0
423	0
13	0
20	0
38	0
15	0
130	4
82	0
194	0
48	0
134	0
62	0
102	0
515	0
683	0
19	0
21	0
46	0
87	0
16	0
36	0
39	0
303	0
33	0
452	0
190	0
17	0
703	0
39	0
139	0
21	0
198	0
22	0
40	0
8	0
15	0
29	0
46	0
58	0
94	0
1033	0
207	0
168	0
159	0
193	0
53	25
59	0
188	0
412	0
16	0
4	0
225	0
8	0
145	0
39	0
20	0
11	0
141	0
238	0
139	5
269	0
8	0
24	0
3651	0
46	0
127	234
42	0
9	0
30	0
38	0
119	0
21	0
41	0
31	0
263	0
69	0
55	0
56	0
389	0
400	0
101	0
11	0
283	0
62	2
276	0
7	0
38	0
95	0
264	0
111	0
138	0
150	0
178	0
288	0
14	0
58	0
90	0
555	0
43	0
7	0
5	0
45	0
27	0
810	0
206	87
2	0
10	0
129	0
76	0
14	0
85	0
87	0
269	0
17	0
70	0
190	0
39	0
17	0
59	0
41	0
61	0
91	0
87	0
37	0
429	0
53	0
56	0
179	0
42	0
26	0
67	0
98	0
57	0
320	0
102	0
72	0
319	0
40	0
31	0
55	0
19	0
11	0
92	0
170	0
97	0
18	0
37	0
206	0
18	0
61	0
60	0
30	0
3	0
15	0
128	0
29	0
33	0
86	0
93	0
243	0
5	0
11	0
870	0
76	0
73	0
440	0
63	0
651	0
55	0
6	0
28	0
85	0
4	0
21	0
108	0
21	0
74	0
36	0
25	0
22	0
16	0
21	0
21	0
40	0
41	0
108	0
17	0
39	0
7	0
49	91
146	91
20	0
354	0
151	0
37	0
254	0
16	0
35	0
63	0
40	0
34	0
17	0
73	0
12	0
23	0
2	0
6	0
66	0
247	0
39	0
19	0
9	0
152	0
2	0
44	0
67	0
14	0
0	2
1	23
1	15
0	84
0	561
0	750
1359	0
56	0
13	0
5	0
115	0
29	0
28	0
28	0
25	0
39	0
16	0
59	0
85	0
13	0
396	0
87	0
266	0
69	0
29	0
68	0
143	0
46	0
88	0
10	0
13	0
85	0
35	0
47	0
90	0
30	0
31	0
54	0
124	0
221	0
40	0
16	0
32	0
13	0
27	0
20	0
12	0
135	0
18	0
100	0
10	0
16	0
91	0
678	0
28	4
22	0
46	0
62	0
26	0
5	0
4	0
15	0
8	0
10	0
2	0
21	0
39	0
61	14
14	0
300	0
46	0
30	0
28	0
2363	0
861	670
2260	1118
42	0
11	0
29	0
44	0
18	0
141	0
88	0
377	0
11	0
12	0
19	0
11	0
158	0
64	0
80	0
4	0
10	0
179	0
17	0
44	0
23	0
3	0
73	0
29	0
87	0
4	0
62	0
68	0
416	0
2	0
26	0
163	0
30	0
222	0
24	0
81	0
180	0
377	0
108	0
278	0
42	0
11	0
16	0
11	0
72	0
1	0
66	0
52	0
249	7
13	0
717	0
50	0
37	0
64	0
4	0
39	0
307	0
103	0
134	0
36	0
36	0
43	0
151	0
15	0
35	0
8	0
100	0
39	0
33	0
71	0
15	0
48	0
69	0
26	0
38	0
81	0
8	0
871	0
109	0
50	0
68	0
432	26
161	0
39	0
45	0
25	0
10	0
47	0
19	0
16	0
11	0
64	0
28	0
44	0
226	0
8	0
12	0
46	0
5	0
36	0
5	0
55	0
1615	0
8	0
57	0
68	0
59	0
31	0
106	0
32	0
25	0
51	0
138	91
137	91
60	0
483	0
12	0
38	0
26	0
404	0
25	0
120	0
38	0
1	0
14	0
29	0
15	0
30	0
18	0
88	0
88	0
109	0
2	0
34	0
100	0
38	0
151	0
18	0
33	0
49	0
25	0
205	0
12	0
9	0
181	12
1	1
1	8
18	0
17	0
2	5
0	0
0	0
0	0
0	16
27	0
44	0
17	0
24	0
45	0
47	0
428	0
70	0
10	0
19	0
12	0
4	0
241	0
43	0
39	0
37	0
146	0
608	0
37	0
51	0
172	0
16	0
17	0
757	0
29	0
68	0
89	0
139	0
74	0
85	0
180	0
42	0
49	0
84	0
42	0
97	0
83	0
58	0
264	0
43	0
7	0
159	0
172	0
74	0
986	0
252	8
84	0
83	0
88	0
154	0
9	0
44	0
15	0
224	0
74	0
1291	0
38	0
24	0
0	1
39	1
65	0
14	2
21	0
24	0
72	0
38	0
3	0
58	0
8	0
48	0
26	0
19	0
30	0
116	0
530	0
31	0
217	0
31	0
67	0
230	0
23	0
17	0
10	0
168	4
34	0
99	0
163	0
16	0
6	0
59	0
23	7
41	0
23	0
43	0
49	0
33	0
14	0
23	0
71	2
22	0
29	0
58	0
247	0
102	0
115	0
295	0
286	0
220	0
353	0
80	0
24	0
54	0
79	0
6	0
23	0
70	0
128	0
1	515
21	0
769	0
42	0
85	0
38	0
129	0
164	0
19	0
15	0
62	0
164	0
64	0
14	0
99	0
213	0
55	0
262	0
24	0
48	0
21	0
223	0
138	0
14	0
47	0
49	0
45	0
22	0
16	0
64	0
4	0
166	0
24	0
70	0
52	0
345	0
19	0
93	0
66	0
13	0
1309	0
49	0
0	0
44	0
952	371
2	0
73	0
192	0
50	0
606	0
78	0
17	0
11	0
150	0
12	2
64	0
237	0
264	0
101	0
107	0
253	0
94	0
67	0
400	0
33	0
129	0
53	0
85	0
41	0
30	0
132	0
17	0
7	0
20	0
556	0
41	0
44	0
100	0
162	0
35	0
64	0
32	0
42	0
22	0
192	0
36	0
50	0
162	0
29	0
214	0
42	0
100	0
31	0
10	0
16	0
200	0
41	0
9	0
41	0
119	0
148	0
21	0
272	0
17	0
5	0
24	0
34	0
20	0
75	0
1	0
92	0
154	0
20	0
252	0
48	0
958	0
98	0
76	0
34	0
24	0
735	6
8	0
13	0
331	0
52	0
22	0
44	0
34	0
62	0
81	0
23	0
16	0
35	0
45	0
11	0
5	0
879	0
105	0
20	0
60	0
64	0
375	0
148	0
31	0
166	0
41	0
8	0
30	0
12	0
91	0
44	0
3	0
29	0
1533	0
8	0
176	0
8	0
44	0
59	0
95	0
95	2
62	0
245	30
6	0
41	0
40	0
485	0
53	0
51	0
71	0
79	0
70	0
46	0
355	0
206	0
48	0
107	0
129	0
411	0
16	0
119	0
85	0
38	0
154	0
3	0
21	0
75	0
24	0
112	0
40	0
17	0
185	0
34	0
57	0
5	0
29	0
60	0
105	0
375	0
48	0
26	0
9	0
12	0
62	0
76	0
212	0
16	0
22	0
20	0
12	0
449	0
87	0
36	0
57	0
48	0
1127	0
345	0
74	0
18	0
25	0
6	0
0	0
0	0
0	0
0	0
0	0
0	0
14	0
13	42
2	33
3	28
11	50
16	14
12	0
17	0
102	0
807	0
69	0
77	0
11	0
16	0
457	2
54	0
35	0
49	0
128	0
69	0
31	0
208	0
34	0
152	0
67	0
136	0
7	0
57	0
38	0
71	0
183	0
6	0
53	0
29	0
14	0
67	0
156	0
3	0
13	0
13	18
208	0
18	0
27	0
59	0
5	0
40	0
106	0
29	0
7	0
8	0
219	0
25	0
66	0
16	0
41	0
77	0
44	0
119	0
185	0
190	0
1392	0
36	0
20	0
400	0
224	0
65	0
32	0
58	0
16	0
15	0
21	0
51	0
32	0
24	0
103	0
49	0
8	0
2	0
1360	0
184	9
29	11
208	0
22	0
47	0
319	0
39	0
440	0
46	0
79	0
11	277
483	0
533	0
40	0
157	0
52	0
44	0
16	0
25	0
18	0
46	0
28	0
8	0
47	0
231	0
2505	0
42	0
7	0
35	0
42	0
210	0
37	0
17	0
51	0
70	0
141	0
213	0
50	0
40	0
4	0
35	0
83	0
16	0
51	0
32	0
125	0
21	0
66	0
1	0
277	0
69	0
27	0
79	0
310	0
179	0
78	0
54	0
68	0
30	0
260	0
5	0
125	0
161	0
60	0
2	0
22	0
41	0
41	0
54	0
23	0
1484	0
12	0
63	0
6	0
116	0
197	0
174	0
15	0
16	0
38	0
25	0
24	0
16	0
64	0
80	0
57	0
61	0
403	0
31	0
59	0
38	0
12	0
48	0
53	0
58	0
131	0
74	0
98	0
21	0
200	0
866	0
8	0
43	0
37	0
416	1
9	0
13	0
53	0
12	0
138	0
100	0
34	169
37	0
4	0
119	0
36	0
52	0
168	0
103	0
179	0
21	0
8	0
120	0
18	0
34	0
36	0
61	0
51	0
26	0
169	0
181	0
60	0
25	267
214	0
234	0
179	0
25	0
262	0
72	0
9	0
36	0
13	0
167	0
266	0
104	0
5	0
256	0
38	0
16	0
547	0
55	0
13826	695
7	0
50	0
69	0
19	0
43	0
34	0
68	0
0	26
75	0
56	0
45	0
33	0
14	0
5	0
62	0
0	0
10	0
21	0
501	0
511	0
113	0
30	0
41	0
41	0
22	0
53	0
32	0
88	0
2252	0
33	0
8	23
26	0
38	27
1	15
1	33
0	30
15	0
23	0
31	0
114	0
52	0
114	0
4	0
537	0
17	0
54	0
11	0
34	0
22	0
63	0
11	0
82	0
46	0
381	0
38	0
76	1
146	0
91	0
201	0
266	0
6	0
386	0
48	0
477	0
31	0
62	0
77	0
17	0
143	0
188	0
29	7
112	0
45	0
88	0
538	4
105	0
9	0
69	0
22	0
126	0
32	0
64	44
7	0
53	0
24	0
36	0
34	0
14	0
97	0
156	0
47	0
228	0
5	0
24	0
15	0
73	0
14	0
7	0
169	0
17	0
112	0
96	0
7	0
41	0
142	5247
20	0
75	0
46	0
32	0
31	0
102	0
91	0
74	0
93	0
14	0
25	0
74	0
1	0
64	0
348	0
131	126
8	0
47	178
561	0
86	0
59	0
80	0
28	0
204	0
63	0
31	0
38	0
70	0
96	0
53	0
91	0
7	0
384	0
22	0
18	0
25	0
6	0
24	0
74	0
58	0
671	0
29	0
154	0
10	0
329	161
115	0
18	0
33	0
20	0
79	0
31	0
75	0
106	0
225	0
18	0
198	1
9	0
281	0
1366	0
234	0
13	0
7	0
134	0
31	0
74	108
32	0
272	0
110	0
1880	0
56	0
45	0
139	0
30	0
346	0
122	0
456	0
15	0
200	0
24	0
46	0
128	0
17	0
20	0
21	0
14	0
35	0
56	0
127	0
64	0
82	0
1154	0
92	0
8	0
56	0
35	0
81	0
56	0
1947	0
5	0
65	0
295	0
24	19
14	0
26	0
9	0
1	0
0	30
0	19
0	659
0	542
232	0
79	0
2	0
5	0
50	0
100	0
208	0
15	0
286	0
170	111
12	0
0	0
51	0
6	0
51	0
0	33
1	0
6	9
35	0
1540	0
0	0
8	0
237	0
111	0
11	0
37	56
92	0
132	0
8	0
188	0
893	0
5	0
30	0
1847	0
616	0
147	0
1213	0
0	298
26	1311
0	0
0	0
91	0
0	0
0	137
0	0
0	5
0	306
0	1359
0	250
0	1322
0	1
0	154
0	224
0	0
0	75
0	90
0	0
0	5
0	269
0	0
0	0
0	154
0	223
0	0
0	302
4	1481
0	0
0	1
0	5
0	6
0	0
0	386
0	264
0	1395
0	1
0	62
0	243
3	1337
0	90
0	214
0	0
0	1
0	0
0	223
0	0
0	339
0	0
61	0
71	0
160	0
64	0
58	0
111	0
172	0
378	0
9733	0
623	0
40	0
1	0
33	0
4	0
36	0
0	31
105	0
0	5
11	0
2	0
0	0
19	0
109	0
252	0
0	0
3	0
64	0
0	0
94	0
32	0
1	0
39	0
28	0
13	0
0	0
63	0
20	0
73	0
90	0
84	0
6	0
19	1822313
19	0
1179	0
2	0
90	0
18	0
14	0
63	0
17	0
26	0
24	0
193	0
1	0
37	0
0	42
23	0
9	0
195	0
18	0
14	0
62	0
25	0
157	0
308	0
1	0
6	0
2	0
0	0
7	0
0	0
5	0
1	0
2	0
4	0
12	0
5	0
1	0
11	0
1	0
12	0
0	0
0	0
1	0
0	0
0	34460
1	24390
25	605
30	0
2	0
1	0
0	0
5	0
2	0
0	0
0	0
0	0
1	0
3	0
0	0
7	0
0	1
1	0
2	0
16	0
1	0
0	0
1	0
1	0
0	100
9	0
0	0
1	0
3	0
9	0
27	0
1	0
0	0
21	0
0	2
5	0
6	0
2	0
8	0
1	0
0	0
0	0
0	0
0	0
4	0
2	0
12	0
0	0
0	0
3	0
12	0
0	0
0	0
0	0
0	0
16	0
0	0
0	0
0	0
0	0
1	0
943	0
802	0
8	6
0	0
0	0
81	0
0	0
44	0
2	0
1	0
0	0
1	0
1	0
295	0
45	0
67	0
10	0
0	0
0	0
37	0
4	0
92	0
1	0
7	0
0	0
0	2
23	0
176	0
1	0
8	0
6	0
42	0
1	0
0	0
9	0
4	15
0	0
31	0
6	0
90	0
293	0
1	0
21	0
239	0
5	0
1	0
114	0
16	0
1815	0
1	0
4	0
36	0
47	0
9	0
4	0
2	0
3400	0
3	6
11	0
11	0
150	0
15	0
89	9
13	0
4	0
13	0
1	0
6	18
6	0
6	0
0	46
1	0
0	1
0	7
0	0
11	0
6	30
3	16
2	2
38	0
0	25
1	7
0	301
1	16
1	0
0	0
18	1
14	0
5	0
1	0
1	0
0	0
118	0
0	0
11	0
1	0
16	17
13	0
1	0
1	0
2	0
0	0
5	0
5	0
17	0
2	0
1	0
9	0
3	0
7	38
1	0
0	0
3	0
6	0
27	0
2	0
74	0
2	0
0	611
1	0
4	0
12	0
3	0
1	0
0	0
17	0
39	0
1	0
4	0
2	0
0	0
2	0
1	0
1	0
2	0
1	0
2	0
2	0
6	0
6	0
6	0
1	0
2	0
0	8
0	0
0	3
16	0
3	0
88	0
1	0
86	0
113	0
4	0
0	0
3	0
2	0
6	0
0	0
147	0
1	0
0	0
5	1
6	0
4	0
10	0
13	0
2	0
6	0
0	0
12	44
9	0
0	0
0	0
3	0
14	0
0	0
0	0
1	0
7	0
5	0
0	0
9	126
0	976
3	0
105	88
23	13
9	0
0	8
0	0
6	0
10	36
3	7
0	28
2	0
0	0
0	0
23	28
0	0
12	52
4	0
122	5
0	0
1	4
12	0
4	0
130	0
348	0
10920	0
91	0
69	0
0	0
20	0
126	0
36	0
210	0
144	0
221	0
2	0
3	0
316	0
147	0
258	4
195	0
9	0
10402	0
6	0
36	0
1	0
3	0
0	15
4	57
271	0
25	611
3	0
22	0
906	0
26	0
36	958
0	958
779	1089
218	0
1	0
74	0
13	10
0	9
619	0
148	0
1858	0
47	0
89	0
159	0
15	0
5	0
36	0
4	0
129	0
905	0
2	0
49	0
2563	6157735
0	74
1	4473844
0	1316
17	225187
0	2289
0	1452075
0	2945
80	31490
0	31502
5	0
15	0
5	0
214	0
385	0
105	0
0	0
1	0
4	0
23	0
6	0
3	0
0	0
31	0
5	0
8	0
254	0
895	0
2	0
1075	0
204	0
1507	0
351	0
27	0
4	0
29	0
3	0
84	0
4	0
1023	0
37	0
81	0
766	0
1855	651
506	0
96	0
336	0
2	0
310	650
58	0
196	0
67	0
2567	0
9	9
1	21
0	8
22	17
36	26
9	0
49	123
0	123
1	0
10	0
15	0
9	0
3	0
