UniqueCount	AmbigCount
83	0
28	0
76	0
241	0
93	0
13	0
204	0
539	0
139	0
11	0
84	0
750	0
64	0
625	0
9	0
677	246
87	0
24	0
1437	0
807	0
2828	0
51	0
82	0
54	0
107	0
25	0
85	0
214	0
393	0
629	0
311	0
2206	0
1	0
1	0
909	2185
83	0
52	0
233	0
482	0
16	0
426	0
85	0
450	0
181	0
31	0
93	0
32	0
453	0
110	0
96	0
102	0
147	0
49	0
123	0
22	0
233	0
228	0
122	0
107	0
184	0
127	0
97	0
68	0
135	0
27	0
9	0
34	0
4	0
68	0
111	0
69	0
106	0
74	0
114	0
126	0
45	0
45	0
245	0
259	0
202	0
73	0
553	0
230	0
1274	33
15	0
95	0
129	0
307	0
55	0
1	0
5	0
1215	0
334	0
9	0
10	0
368	0
577	72
107	0
14	0
49	0
728	0
85	0
84	0
130	0
29	0
38	0
24	0
43	0
727	0
150	0
369	0
70	0
269	0
510	0
17	0
232	0
66	0
116	0
133	0
43	0
357	0
11	0
171	0
62	0
28	0
72	0
4261	0
152	0
69	0
61	0
83	0
6	0
41	0
152	0
86	0
69	0
168	0
336	0
93	0
203	0
77	0
30	0
92	0
114	0
47	0
105	0
112	0
147	0
53	0
91	0
26	0
154	0
45	0
68	0
150	0
43	0
565	0
102	0
139	0
176	0
10768	0
177	0
6	0
143	0
75	0
20	0
90	0
114	0
47	0
364	0
101	0
15	0
63	0
47	0
34	0
118	0
56	0
34	0
14	0
187	0
604	72
64	0
54	0
25	0
237	0
19	0
16	0
2997	0
0	2
52	0
91	0
27	0
55	0
63	0
143	0
261	0
621	0
27	0
163	0
949	0
34	0
1	0
1649	0
75	0
283	0
120	0
367	0
90	0
295	0
1273	0
71	0
0	0
122	0
224	0
211	0
43	0
12	0
58	0
85	0
340	0
63	0
232	0
905	0
95	0
261	0
902	0
65	0
235	0
127	0
127	0
107	0
89	0
38	0
69	0
31	0
1308	0
134	0
180	0
410	0
326	0
88	0
248	0
104	0
0	0
380	9
39	0
92	0
42	0
37	0
232	0
67	0
385	0
184	0
18	0
264	0
226	0
98	0
97	0
72	0
838	0
38	0
266	0
93	0
74	0
141	0
138	0
14	0
364	0
979	0
138	0
600	155
154	0
77	0
868	0
56	0
35	0
97	0
134	0
28	0
36	0
2177	0
1	9
181	0
86	0
2792	0
76	0
77	0
91	0
125	0
74	0
31	0
104	0
159	0
29	0
143	0
23	0
155	0
26	0
1690	0
1135	0
2	0
0	4829
97	757
30	0
0	0
3	9
14	0
85	0
2017	121
1091	508
110	0
111	0
122	0
43	0
11	0
128	0
126	0
126	0
96	0
0	9
2	0
346	0
781	0
72	0
18	0
81	0
282	0
63	0
107	0
676	0
170	0
445	0
182	0
34	0
223	0
115	0
3479	0
0	0
0	0
24	0
33	0
20	0
167	0
79	0
60	0
39	0
51	0
80	0
112	0
84	0
32	0
42	0
2100	0
61	0
375	0
62	0
86	0
166	0
139	0
85	0
56	0
118	0
21	0
132	0
79	0
146	0
263	0
63	0
44	0
95	0
47	0
4805	0
174	0
325	0
33	0
77	0
67	0
39	0
88	0
189	0
51	0
138	0
36	0
172	0
43	0
49	0
229	0
242	0
81	0
124	0
47	0
4	0
189	0
19	0
10	0
12	0
68	0
14	0
83	0
13	0
41	0
247	0
81	0
353	0
462	0
42	0
375	0
1129	614
1965	0
3	0
0	0
0	5
5	44
189	0
1163	0
1653	0
494	0
773	0
45	0
135	0
81	0
3	0
12	0
72	0
128	0
1020	0
356	0
363	0
0	0
873	0
3	0
174	0
135	0
101	0
191	0
999	0
646	0
103	0
144	0
88	0
112	0
14	0
30	0
27	0
74	0
2106	0
52	0
82	0
805	0
23	0
35	0
116	0
288	71
68	71
138	0
57	0
57	0
42	0
1083	0
415	0
1470	0
233	0
184	0
122	0
85	0
146	0
45	0
23	0
14	0
171	0
442	0
88	0
104	8
21	0
345	0
127	0
45	0
610	0
0	0
213	0
280	0
147	0
50	0
127	0
309	0
98	0
130	0
3	0
234	0
79	0
570	0
76	0
48	0
54	0
163	0
92	0
102	0
110	0
242	39
15	159
43	0
73	0
148	0
697	0
81	0
193	0
171	0
229	0
6	0
134	0
130	0
236	0
22	0
99	0
151	0
490	0
410	0
56	0
78	0
36	0
169	0
81	0
213	0
59	0
179	0
82	0
112	0
25	0
0	0
39	0
26	0
21	0
83	0
305	0
73	0
83	0
34	0
126	0
4	0
92	0
350	0
14	0
32	0
623	527
54	0
274	0
59	0
30	0
133	0
113	0
27	0
110	0
56	0
65	0
75	0
9	0
12	0
53	0
193	0
43	0
15	0
94	0
52	0
42	0
163	0
718	0
199	0
40	0
73	0
411	0
80	0
22	0
35	0
49	0
128	0
70	0
42	0
489	1369
156	0
69	0
21	0
118	0
1760	0
0	6783
0	0
52	0
1003	0
7	0
0	0
1	0
143	0
70	0
85	0
4	0
273	0
44	0
71	0
514	0
46	0
146	0
118	0
64	0
147	0
160	0
131	0
97	0
92	0
453	775
71	0
299	0
134	0
78	0
209	0
46	0
5	0
29	14
1	0
38	0
76	0
1	0
357	0
245	0
8	0
9	0
2	2
129	0
121	0
3053	0
176	0
138	0
79	0
70	0
0	0
493	0
30	0
47	0
10	2
64	0
235	0
30	0
355	0
397	0
42	0
240	0
46	0
1	0
0	0
85	0
311	0
52	0
515	0
337	0
522	0
99	0
178	0
49	0
31	0
170	0
5	0
76	0
83	0
123	0
941	2068
152	0
15	0
19	0
25	0
72	0
123	0
179	0
591	0
25	0
59	0
34	0
10	0
49	0
33	0
155	0
179	0
76	0
85	0
97	0
171	0
16	0
68	0
73	0
143	0
140	0
31	0
0	0
136	0
1825	0
82	0
9	0
948	0
76	0
46	0
219	0
133	0
42	0
74	0
0	0
68	0
52	0
1	0
55	0
65	0
145	0
29	0
414	0
49	0
54	0
282	0
143	0
373	0
25	0
131	0
32	0
81	0
151	0
254	0
161	0
166	0
170	0
2339	0
37	0
317	0
65	0
50	0
84	0
300	0
29	0
117	0
154	0
187	0
230	0
49	0
60	0
9	0
413	0
163	0
594	0
48	0
99	0
34	0
76	0
0	0
217	0
44	0
140	0
1566	0
520	0
42	0
54	0
5	0
562	0
129	0
49	0
42	0
74	0
71	0
420	0
95	0
92	0
5663	0
183	0
1204	0
40	0
121	0
202	0
267	0
11	0
183	0
40	0
63	0
172	0
109	0
14	0
115	0
51	0
746	0
218	0
632	0
168	0
43	0
79	0
483	0
204	0
483	775
6	0
32	0
190	0
0	0
73	0
1799	0
9	0
29	0
425	12
0	64
80	0
50	0
57	0
91	14
92	4
82	118
132	0
97	0
103	0
160	0
36	0
33	0
47	0
24	0
176	0
61	0
843	0
49	0
25	0
22	0
325	0
61	0
338	0
759	483
187	0
102	0
52	0
117	0
283	0
363	0
56	0
23	0
135	0
213	0
457	0
108	0
34	0
711	0
13	0
63	0
200	1
459	0
124	0
41	0
433	0
1808	0
134	0
80	0
75	0
159	0
85	0
115	0
85	0
12	0
614	0
267	0
73	0
69	0
243	0
233	0
246	0
16	0
157	0
50	0
144	0
36	0
17	0
112	0
158	0
52	0
59	0
335	0
95	0
72	0
128	0
113	0
2	0
379	0
170	0
141	0
43	0
132	0
52	0
701	0
66	0
222	0
684	0
274	6
47	0
22	0
89	0
393	0
127	591
124	0
76	0
22	0
108	0
46	0
177	0
208	0
36	0
33	0
3	0
3	0
623	0
22	0
34	0
501	169
140	0
106	0
319	0
561	0
194	0
67	0
83	0
183	0
23	0
245	0
96	0
165	0
117	0
70	0
147	0
178	0
237	0
133	0
416	0
90	0
200	0
59	0
24	0
100	0
103	0
57	0
79	0
880	746
155	0
111	0
15	0
126	0
99	0
14	0
91	0
176	0
62	0
75	0
62	0
131	0
90	0
47	0
66	0
48	0
121	0
82	0
130	0
187	0
76	0
132	0
13	0
119	0
7	2
35	0
72	0
53	0
92	0
117	0
0	0
23	0
18	0
37	0
93	0
53	0
2946	0
417	885
0	4
215	0
83	0
51	0
43	0
118	0
0	0
785	0
29	0
40	0
125	0
203	0
74	0
429	0
601	0
32	0
3	0
68	0
110	0
1506	171
61	0
46	0
53	0
109	0
45	0
261	0
89	0
90	0
191	31
32	0
293	0
208	0
119	0
16	0
106	0
56	0
73	0
302	0
261	0
86	0
179	0
67	0
67	0
98	0
44	0
79	0
421	0
227	0
178	0
92	0
170	0
69	0
28	0
157	0
31	0
267	0
231	0
63	0
155	0
906	0
77	0
37	0
109	0
465	0
69	0
364	0
250	0
109	0
7	0
365	0
157	0
149	0
40	0
68	0
294	0
3	0
1244	0
7	0
300	0
143	0
186	0
266	0
134	0
77	0
75	0
316	8
42	0
44	0
37	0
105	0
41	0
72	0
60	0
581	0
180	0
67	0
1029	0
356	0
36	0
118	0
180	0
389	0
140	0
419	0
83	0
207	0
368	49
1	0
35	0
2288	0
33	0
307	0
23	0
206	0
199	0
313	0
56	0
52	0
279	0
14	0
45	0
2	0
510	0
66	0
609	0
44	0
51	0
61	0
117	0
57	0
18	0
47	0
169	0
63	0
156	0
201	0
514	0
339	0
0	0
3	0
28	0
302	0
4223	0
1541	0
0	0
322	0
550	0
331	0
96	0
291	0
1019	0
174	0
169	0
67	0
106	0
63	0
59	0
84	0
1251	0
123	0
38	0
86	0
251	0
67	0
153	0
109	0
46	0
0	6
1	0
0	0
0	0
0	0
0	0
1	0
1	0
48	0
20	0
25	0
111	0
50	0
89	0
122	0
382	0
80	0
126	0
45	0
112	0
278	0
9	0
79	0
181	0
272	0
46	0
51	0
164	0
242	110
431	8
79	0
173	0
26	0
49	0
143	0
72	0
150	0
35	0
189	0
516	0
134	0
300	0
139	0
1103	0
696	0
127	0
1007	0
2661	0
323	0
176	0
101	0
55	0
22	0
5	0
1171	32
224	32
48	0
128	0
197	0
185	0
166	0
457	0
52	0
108	0
34	0
115	0
82	0
177	0
244	0
235	0
288	0
64	0
294	2000
76	0
525	0
130	0
520	0
49	0
74	0
75	0
1539	0
311	0
130	0
52	0
46	0
55	0
95	0
245	0
36	0
69	0
139	0
540	0
51	0
383	0
328	0
106	0
258	0
54	0
10	0
31	0
178	0
237	0
287	0
0	0
269	0
82	0
45	0
154	0
71	0
216	0
382	0
106	0
74	0
99	0
80	0
132	0
42	0
98	0
81	0
156	0
46	0
106	0
121	0
227	0
181	0
111	0
110	0
392	0
244	0
28	0
141	0
93	0
97	0
76	0
196	0
29	0
114	0
133	0
112	0
128	0
220	0
45	0
27	0
171	0
60	0
256	0
181	0
140	0
4680	1835
70	0
254	0
66	0
176	0
111	0
84	0
148	0
119	0
18	0
202	0
69	0
62	0
64	0
206	0
142	0
271	0
238	0
37	0
76	0
5469	0
145	1
454	527
171	0
33	0
69	0
111	0
137	0
139	0
134	0
168	0
73	0
167	0
305	0
198	0
1490	0
184	0
188	0
64	0
445	0
103	0
265	0
24	0
67	0
278	0
284	0
453	0
137	0
50	0
77	0
9	0
163	0
102	0
208	0
136	0
17	0
9	0
98	0
75	0
1261	0
1038	1614
1	0
16	0
458	0
132	0
32	0
85	0
80	0
606	0
87	0
169	0
623	0
126	0
17	0
96	0
113	0
100	0
53	0
128	0
32	0
614	0
455	0
131	0
126	0
145	0
465	0
70	0
293	0
155	0
271	0
391	0
67	0
185	0
99	0
65	0
136	0
270	0
111	0
53	0
66	0
345	0
149	0
164	0
152	0
20	0
78	0
227	0
94	0
43	0
116	0
169	0
361	0
24	0
427	0
125	0
201	0
531	0
98	0
301	0
55	0
26	0
130	0
209	0
16	0
53	0
201	0
1	0
44	0
341	0
105	0
60	0
60	0
66	0
69	0
55	0
116	0
62	0
249	0
61	0
78	0
7	0
108	109
637	141
55	0
318	0
273	0
209	0
184	0
28	0
73	0
156	0
82	0
110	0
63	0
191	0
41	0
53	0
3	0
45	0
89	0
100	0
132	0
68	0
35	0
193	0
9	0
157	0
139	0
345	12
0	62
96	0
7	205
215	0
59	0
98	0
1777	0
76	0
57	0
159	0
91	0
46	0
5	0
243	0
73	0
132	0
151	0
69	0
208	0
189	0
57	0
100	0
59	0
61	0
545	0
159	0
47	0
84	0
199	0
501	0
364	0
285	0
75	0
91	0
212	0
779	0
591	53
682	0
63	0
30	0
77	0
111	0
13	0
203	0
435	0
252	0
75	0
217	0
325	0
0	0
0	6635
45	0
268	0
63	0
120	0
103	0
99	0
112	0
45	0
83	0
45	0
88	0
154	0
106	0
675	0
33	0
22	0
189	0
147	0
282	0
400	0
54	0
78	0
39	0
219	0
100	0
147	0
51	0
22	0
1064	0
286	0
119	0
111	0
257	0
86	0
239	0
1114	0
38	0
684	0
72	0
276	0
140	0
181	0
80	0
98	0
48	0
92	0
89	0
145	0
107	0
108	0
419	0
10	0
849	0
97	0
143	0
109	0
1121	0
915	0
50	0
41	0
131	4
67	0
67	0
45	0
205	0
72	0
112	0
131	0
1541	0
1097	0
92	0
64	0
53	0
437	0
122	0
409	0
28	0
52	0
27	0
49	0
177	0
42	0
173	0
139	0
51	0
236	0
50	0
32	0
100	0
73	0
110	0
75	0
94	0
28	0
232	0
89	0
16	0
66	0
3	0
150	0
22	0
245	0
119	0
972	0
353	0
415	0
298	0
85	0
147	0
56	0
208	0
3635	0
602	0
381	0
97	0
34	0
206	0
41	0
247	0
119	0
48	0
47	0
149	1
12	0
49	0
28	0
0	0
190	0
39	0
0	6873
85	0
84	0
221	0
116	0
175	0
56	0
71	0
100	0
198	0
123	0
63	0
424	0
54	0
56	0
12	0
109	0
22	0
86	0
178	0
107	0
221	0
35	0
277	0
137	0
37	0
107	0
160	0
125	0
245	0
105	0
59	0
132	0
74	0
121	0
320	0
105	0
70	0
79	0
48	0
144	0
79	0
69	2
302	0
166	0
134	0
44	0
133	0
594	0
30	0
127	0
738	0
1902	1
159	0
47	0
27	0
231	0
0	247
1	5
56	0
13	0
169	0
47	0
598	0
16	0
1873	0
103	0
101	0
196	0
1881	0
95	0
144	0
2921	0
101	0
23	0
11	0
106	0
132	0
101	0
118	0
497	0
172	0
86	0
961	0
306	0
54	0
256	0
63	0
537	0
41	0
155	2
20	0
656	0
124	0
92	0
895	0
220	0
187	0
220	0
36	0
379	0
81	0
30	0
12	0
669	0
124	0
200	0
62	0
554	0
28	0
211	0
32	0
77	0
24	0
57	0
76	0
113	0
123	0
209	0
455	0
98	0
35	0
57	0
150	0
64	0
174	0
152	0
61	0
33	0
71	0
42	0
156	0
930	0
481	0
142	0
22	0
356	0
83	0
788	51
37	0
37	0
438	168
1	0
123	0
161	0
101	0
48	0
29	0
39	0
2	0
65	0
89	0
133	0
120	0
97	0
297	0
25	0
354	0
99	0
102	0
52	0
146	0
230	0
247	0
74	0
883	108
91	0
76	0
70	0
88	0
125	0
42	0
41	0
156	0
178	0
242	0
94	0
89	0
29	0
15	0
139	0
434	0
165	0
45	0
234	0
498	0
107	0
83	0
39	0
1	0
118	0
162	0
163	0
77	0
78	0
3726	0
12	0
42	0
485	0
147	0
452	0
177	0
144	0
121	0
766	0
146	0
152	0
12	0
143	0
359	0
46	0
75	0
86	0
366	0
121	0
104	0
72	0
162	0
60	0
77	0
134	0
123	0
135	0
97	0
233	0
121	0
256	0
87	0
139	0
107	0
154	0
83	0
201	0
437	0
1245	337
2	815
70	815
434	0
0	6092
96	0
101	0
208	0
50	0
428	0
169	0
109	0
50	0
86	0
89	0
197	0
161	0
274	0
77	0
115	0
37	0
817	0
231	0
40	0
71	0
90	0
26	0
298	0
59	0
69	0
205	0
103	8
129	0
208	0
96	0
43	0
148	0
240	0
355	0
126	0
92	0
154	0
91	0
178	0
911	0
454	0
166	0
145	0
275	0
930	0
124	0
141	0
117	0
59	0
34	0
42	0
271	0
328	0
38	0
100	0
42	0
102	0
105	0
28	0
173	0
159	0
66	0
80	0
155	0
57	0
145	0
32	0
139	0
49	0
157	0
69	0
43	0
228	0
316	0
125	0
63	0
345	0
49	0
290	0
314	0
1257	0
78	0
884	0
416	0
17	432
693	0
94	0
68	0
58	0
189	0
960	0
95	0
598	0
80	0
72	0
132	0
99	0
41	0
152	0
174	0
177	0
167	0
62	0
70	0
241	0
72	0
301	0
27	0
21	0
212	0
77	0
31	0
94	0
21	0
73	0
339	0
2	0
52	0
101	0
25	0
18	0
65	0
339	0
52	0
108	0
51	0
24	0
254	0
418	0
172	0
70	0
176	0
127	0
95	0
36	0
17	0
89	0
344	0
385	0
95	0
20	0
390	0
822	162
551	0
105	0
68	0
0	0
155	0
149	0
96	0
132	0
39	0
25	0
3	0
104	0
430	1
477	0
78	0
87	0
561	0
101	0
28	0
59	0
30	0
186	0
75	0
216	0
123	0
281	0
245	0
177	0
60	0
62	0
129	0
40	0
104	0
36	0
7	0
99	0
199	0
15	0
586	0
27	0
349	0
185	0
74	0
188	0
84	0
35	0
102	0
267	0
221	0
236	97
205	0
43	0
357	0
148	0
181	0
231	0
21	0
3141	267
215	0
148	0
75	0
39	0
351	0
46	0
101	0
233	0
49	0
164	0
359	0
49	0
1103	0
76	0
163	0
56	38
36	38
75	0
80	0
26	0
38	0
94	0
47	0
188	0
86	0
131	0
18	0
137	0
248	0
22	0
120	0
34	0
76	0
242	0
39	0
198	0
114	0
365	0
757	0
23	0
713	12
1014	3
119	0
148	0
20	0
71	0
86	0
136	0
52	0
56	0
20	0
202	0
65	0
274	0
163	0
38	0
53	0
427	0
172	0
54	0
523	0
61	33
486	0
192	0
0	0
53	0
17	0
1356	0
119	0
71	0
55	0
69	0
58	0
364	0
93	0
679	0
20	0
31	0
124	0
145	0
213	0
7	0
273	0
249	0
176	0
70	0
99	0
18	0
25	0
60	0
225	0
162	0
1412	0
511	0
436	0
22	0
198	0
34	0
725	0
229	0
262	0
144	0
53	0
55	0
113	0
123	0
116	0
41	0
317	0
109	0
65	0
34	0
87	0
109	0
43	0
186	0
21	0
192	0
178	0
119	0
196	0
59	0
28	0
359	0
68	0
33	0
131	0
36	0
139	0
0	7
143	0
135	0
7	0
94	0
170	0
85	0
199	0
67	0
85	0
67	0
150	0
18	0
416	0
53	0
193	0
101	0
388	0
87	0
22	0
200	0
56	0
149	0
108	0
209	0
139	0
10	0
8	0
94	0
674	0
93	0
64	0
1432	0
38	0
95	0
73	0
325	1
121	1
117	0
173	0
655	0
86	0
270	0
98	0
422	0
63	0
73	0
469	0
105	0
164	0
38	0
491	0
79	0
49	0
57	0
214	0
128	0
151	0
54	0
95	0
61	0
173	0
58	0
900	168
200	0
554	51
30	0
2500	0
92	0
134	0
176	0
121	0
201	0
174	0
42	0
36	0
94	0
73	0
356	0
56	0
67	0
0	0
543	0
200	0
23	0
141	0
81	0
22	0
534	0
120	0
96	17
157	0
229	0
5	0
330	0
16	0
118	0
98	0
1548	171
29	0
130	0
52	0
145	0
79	0
179	0
327	0
78	0
911	0
643	0
214	0
155	0
164	0
32	0
400	0
64	0
44	0
338	0
39	0
10	0
187	0
133	0
408	0
200	0
2160	0
301	0
185	0
62	0
112	0
117	0
66	0
127	0
343	0
41	0
37	0
304	0
84	0
68	0
246	0
67	0
49	0
107	0
375	0
119	0
37	0
25	0
70	0
125	0
213	0
380	0
85	0
83	0
957	0
100	0
34	0
132	0
224	0
546	0
129	0
268	0
125	0
1038	0
1300	0
124	1583
585	247
103	0
184	0
12	0
28	0
57	0
56	0
210	0
17	0
124	0
401	0
227	0
187	0
88	0
4	0
395	0
508	0
250	0
30	0
74	0
423	0
56	0
333	0
122	0
287	0
81	0
36	0
78	0
24	0
437	0
279	0
571	0
236	0
107	20
69	0
4	0
4	0
2	0
98	0
914	0
230	0
28	0
61	0
1016	0
5	0
123	0
153	0
156	0
93	0
120	0
24	0
70	0
180	0
31	0
429	0
532	0
360	1
132	0
82	0
31	0
595	0
243	0
440	0
3043	0
14	0
178	0
103	0
99	0
322	0
58	0
41	0
193	0
115	0
183	0
2	0
6	118
8	176
92	0
86	0
17	0
5	2
213	0
336	0
30	0
111	0
155	0
22	0
46	0
20	0
27	0
43	0
105	0
108	0
96	0
166	0
259	0
18	0
185	0
254	0
6	0
333	0
3692	0
89	0
33	0
106	0
207	0
36	0
45	0
2591	0
120	0
37	0
108	0
32	0
65	0
192	0
117	0
771	110
144	0
277	0
72	0
92	0
148	0
100	0
26	0
149	0
5	0
97	0
29	0
97	0
108	0
30	0
453	0
205	0
30	0
99	0
157	0
71	0
244	0
77	0
1	0
8	0
22	0
224	0
43	0
762	0
533	0
38	0
179	0
55	0
35	0
350	0
104	0
55	0
52	0
58	0
216	0
44	0
132	0
13	0
106	0
28	0
2408	0
143	0
47	0
35	0
60	0
98	0
22	47
4546	0
51	0
7	0
1350	0
107	0
193	0
82	0
178	0
37	0
95	0
225	0
111	0
50	0
388	0
65	0
43	0
46	0
63	0
44	0
41	0
211	0
47	0
53	0
169	0
24	0
174	0
170	0
805	0
123	0
286	0
77	0
83	0
1198	0
565	0
291	0
127	461
118	0
176	0
10	0
30	0
87	0
786	0
404	0
55	0
561	12
73	0
96	0
113	0
108	0
77	0
260	0
121	0
94	0
53	0
177	0
924	236
45	0
122	0
104	0
130	0
158	0
134	0
89	0
9	0
4	0
46	0
20	0
0	90
241	1547
1	4
68	2
207	0
138	47
20	2
105	0
278	0
252	0
53	0
1715	0
862	0
136	0
1930	0
40	0
92	0
132	0
85	0
209	0
1	0
94	0
193	0
349	0
40	0
241	0
83	0
458	0
64	0
60	0
165	0
138	0
142	0
134	0
192	0
2	0
423	0
3483	1369
208	0
82	0
64	0
581	0
74	0
48	0
76	0
152	0
189	0
1144	0
320	0
229	0
959	0
188	0
4	0
70	0
129	0
103	0
214	0
4763	0
232	0
145	0
316	0
209	0
101	0
15	0
14	0
100	0
106	0
45	0
186	0
690	0
94	0
120	0
117	0
56	0
25	0
337	0
55	0
122	0
294	0
137	0
419	0
60	0
42	0
56	0
70	0
169	0
62	0
80	0
100	0
74	0
87	0
2210	0
6	0
59	0
450	0
18	0
144	0
42	0
63	0
88	0
99	0
415	0
9	0
31	0
191	0
106	0
100	0
278	0
44	0
130	0
19	0
192	0
1	0
445	0
445	0
33	0
27	0
38	0
166	0
41	0
52	0
49	0
112	0
153	0
3058	2185
627	0
72	0
230	0
109	0
264	0
110	0
207	0
77	0
145	0
330	0
22	0
47	0
4	0
7	0
0	0
437	0
229	0
592	0
84	0
140	0
642	0
127	0
50	0
55	0
128	0
76	0
2928	0
159	0
175	0
229	0
405	0
146	0
128	0
78	0
227	0
357	0
177	0
215	0
99	0
1123	0
29	0
17	0
81	0
93	0
328	0
96	0
202	0
84	0
65	0
489	0
72	0
54	0
2035	0
49	0
146	0
25	0
90	0
137	0
64	0
93	0
64	0
73	0
211	0
60	0
85	0
75	0
96	0
222	0
88	0
156	0
379	0
131	0
108	0
972	0
70	0
144	0
57	0
144	0
193	0
9	0
39	0
6	0
375	0
0	0
78	0
21	0
424	0
51	0
39	0
42	0
17	0
80	0
22	0
26	0
46	0
131	0
167	0
87	0
67	0
74	0
41	0
31	0
29	0
20	0
56	0
34	0
35	0
107	0
25	0
89	0
31	0
67	0
12	0
0	0
14	0
17	0
18	0
73	0
56	0
158	0
18	0
28	0
12	0
48	0
58	0
8	0
87	0
51	0
187	0
31	0
63	0
87	0
408	0
193	0
467	746
1	0
2014	0
41	0
37	0
172	0
97	0
115	0
499	0
155	0
19	0
570	0
83	0
57	0
133	0
82	0
359	0
267	0
79	0
340	0
1473	0
0	0
99	0
1	0
1393	650
63	0
146	0
98	0
85	0
49	0
71	0
35	0
34	0
33	0
125	0
268	0
101	0
259	0
172	0
145	0
93	0
346	0
69	0
176	0
1	2
43	0
181	0
131	14
115	0
16	0
14	0
10	0
84	0
1580	205
8	0
89	0
65	0
856	0
108	0
106	0
142	0
30	0
271	0
47	0
175	0
121	0
40	0
176	0
358	0
139	0
134	0
222	0
26	0
110	0
26	0
9	0
130	0
212	0
68	0
1597	0
171	0
56	0
41	0
439	0
133	0
454	141
661	109
296	0
107	0
86	0
103	0
10	0
120	0
143	0
91	0
1342	0
85	0
50	0
56	0
12	0
6	0
97	0
44	0
299	0
212	0
145	0
88	0
41	0
58	0
70	0
155	0
14	0
109	0
165	0
74	0
242	0
94	0
630	432
58	0
93	0
268	0
1109	0
43	0
160	0
667	0
109	0
80	0
113	0
41	0
69	0
143	0
77	0
24	0
124	0
22	0
103	0
68	0
303	0
90	0
171	0
172	0
263	0
109	0
1035	0
152	0
24	0
60	0
92	0
71	0
98	0
298	1
226	0
40	0
5	0
109	0
75	0
45	0
68	0
121	0
734	0
215	0
336	0
438	0
158	0
53	0
132	0
130	0
572	0
70	0
267	0
84	0
75	0
7	0
119	0
108	0
0	2
140	0
12	0
83	0
103	0
65	0
258	0
28	0
7	0
142	0
108	0
251	0
82	0
46	0
19	0
42	0
265	0
65	0
269	0
30	0
152	0
88	0
98	0
218	0
135	0
35	0
76	0
91	0
1097	0
283	0
21	0
29	0
63	0
5	0
347	0
128	0
97	0
52	0
27	0
593	0
153	0
146	0
91	0
108	0
13	0
44	0
512	0
77	0
172	0
133	0
121	0
107	0
182	0
262	0
77	0
209	0
100	0
88	0
149	0
181	0
39	0
262	0
108	0
286	0
654	0
163	0
98	0
127	0
448	0
166	0
21	0
185	0
36	0
507	0
146	0
435	0
112	0
203	0
70	0
88	0
39	4
14	6062
34	0
52	0
133	0
118	0
17	0
79	0
44	0
63	0
36	0
15	0
28	0
285	0
808	0
115	0
302	0
105	0
50	0
161	0
157	0
68	0
84	0
707	9
85	0
151	0
625	0
34	0
42	0
57	0
54	0
82	0
51	0
118	0
91	0
74	0
71	0
101	0
40	0
119	0
268	0
414	0
140	0
100	0
370	0
455	0
168	0
348	0
131	0
25	0
95	0
296	0
41	0
78	0
0	6682
54	0
101	0
26	0
1566	0
104	0
123	0
47	0
256	0
659	0
9	0
103	0
68	0
172	0
333	0
99	0
68	0
134	0
523	0
69	0
1352	0
120	0
100	0
47	0
304	0
172	0
29	0
77	0
57	0
123	0
89	0
98	0
241	0
43	0
327	0
125	0
261	0
134	0
173	0
45	0
200	0
103	0
13	0
838	0
57	0
9	0
18	0
274	0
166	0
52	0
1473	0
88	0
36	0
67	0
334	0
28	3
91	0
182	0
239	0
354	0
206	0
368	0
138	0
138	0
437	0
62	0
243	0
236	0
89	0
255	0
107	0
183	0
63	0
104	0
398	0
105	0
109	0
209	0
162	0
85	0
170	0
25	0
132	0
129	0
308	0
54	0
94	0
181	0
47	0
411	0
137	0
361	0
112	0
16	0
50	0
192	0
150	0
13	0
163	0
156	0
217	0
59	0
309	0
61	0
55	0
60	0
93	0
56	0
364	0
0	0
237	0
127	0
34	0
421	0
163	0
498	0
148	0
46	0
59	0
83	0
239	4
44	0
1130	0
82	0
93	0
175	0
88	0
133	0
253	0
52	0
31	0
107	0
128	0
151	0
28	0
377	0
195	0
41	0
120	0
127	0
0	6869
162	0
186	0
656	1
112	0
24	0
107	0
36	0
33	0
1197	0
125	0
13	0
2401	0
17	0
172	0
47	0
136	0
125	0
98	0
168	0
172	0
1151	162
23	0
12	0
44	0
342	0
92	0
233	0
98	0
136	0
188	0
75	0
580	0
211	0
118	0
90	0
238	0
432	0
67	0
539	0
291	0
126	0
143	0
3	0
49	0
469	0
51	0
390	0
41	0
28	0
335	0
88	0
293	0
16	0
80	0
134	0
350	0
265	0
183	0
70	0
24	0
28	0
175	0
186	0
383	0
56	0
37	0
40	0
42	0
1456	0
257	0
89	0
69	2
48	2
540	0
1758	0
110	0
27	0
38	0
45	0
59	0
61	0
0	5
1	0
13	0
1	0
2	0
10	0
0	0
9	0
280308	0
902707	0
4	0
4739	0
9	0
7	0
114	0
53	0
191	0
90	0
117	0
72	0
261	0
31	6692
4031	0
93	0
53	0
105	0
84	0
1438	0
31	0
509	0
185	0
73	0
233	0
267	173
112	0
178	0
132	1
71	0
59	0
53	0
229	0
173	0
733	0
210	0
29	0
596	1488
28	0
22	0
88	0
208	0
228	0
1633	0
95	0
97	0
59	0
240	0
296	0
65	0
270	0
71	0
48	0
80	0
293	0
282	0
352	0
47	0
1285	0
241	0
131	0
592	0
190	0
114	0
269	0
52	0
201	0
41	0
156	0
263	0
52	0
15	0
875	0
337	0
109	0
1282	262
76	0
31	0
160	0
83	0
390	0
82	0
242	0
65	0
67	0
697	0
41	0
427	0
83	0
3	0
59	0
42	0
25	0
94	0
221	0
152	0
80	0
410	0
678	53
726	0
241	0
216	0
97	0
186	0
84	0
25	0
318	0
89	0
172	0
808	508
1111	121
1108	0
116	0
226	0
40	0
135	0
4	0
9	0
6	0
89	0
97	0
222	0
179	0
1161	0
247	0
116	0
153	0
52	0
228	1518
151	0
154	0
277	0
309	0
70	0
27	0
1826	0
9	0
154	0
317	0
2	0
38	0
236	0
320	0
228	85
205	0
44	0
386	0
233	0
5278	0
110	0
348	0
1	0
68	0
133	0
218	0
92	0
53	0
63	0
68	0
100	0
33	0
364	0
418	0
71	0
51	0
89	0
3511	0
156	0
240	0
13	0
66	0
1050	0
245	0
224	0
249	0
673	0
32	0
249	0
827	262
3	0
284	0
349	0
112	0
118	0
281	0
22	8
22	10
128	0
137	0
84	0
201	0
159	0
411	0
90	0
127	0
99	0
165	0
708	0
45	0
49	0
286	0
130	0
299	0
52	0
99	0
155	0
416	0
26	0
344	13000
63	0
101	0
502	0
308	0
91	0
410	0
83	0
1081	0
39	0
88	0
82	0
40	0
107	0
115	0
33	0
195	0
56	0
47	0
385	0
844	0
25	0
114	0
414	0
137	0
287	0
222	0
57	0
563	0
97	0
266	0
20	0
37	0
91	0
78	0
39	0
8	0
82	0
333	0
45	0
128	0
655	0
122	0
104	0
86	0
160	0
47	0
477	0
182	0
49	0
165	0
338	0
118	0
181	0
262	0
9	0
307	1658
133	0
128	0
10	0
188	0
136	0
39	0
791	101
672	182
99	0
49	0
14	0
47	0
973	0
12	0
99	0
410	0
142	0
69	0
111	0
307	0
59	0
139	0
146	0
722	0
3	0
59	0
70	0
8	0
112	0
105	0
134	0
23	0
233	56
50	0
722	0
405	0
19	0
104	0
144	0
42	0
208	0
610	0
29	0
41	0
25	0
224	0
269	0
72	0
140	0
78	0
82	0
16	0
76	0
65	0
47	0
200	0
21	0
24	0
52	0
137	0
272	0
5	0
97	0
29	0
57	0
57	0
110	0
102	0
361	0
40	0
20	0
63	0
81	0
58	0
162	0
394	0
37	0
61	0
76	0
116	0
90	0
50	0
64	0
80	0
129	0
62	0
114	0
253	0
104	0
153	0
61	0
160	0
91	0
288	0
61	0
42	0
706	0
511	0
91	0
76	0
235	0
39	0
54	0
412	0
176	0
9	0
2	0
5	0
1	0
0	0
6	0
18	0
34	176
30	0
108	0
220	0
50	0
238	0
74	0
156	0
47	0
183	0
1128	0
70	0
179	0
1243	0
459	0
66	0
25	0
26	0
64	0
23	0
55	0
45	0
50	0
122	0
442	97
157	0
60	0
40	0
103	0
198	0
77	0
233	0
186	0
40	0
1893	267
149	0
593	0
80	0
90	0
334	0
28	0
188	0
1602	0
50	0
84	0
65	0
43	0
523	0
430	0
114	0
67	0
132	0
682	0
43	1806
100	0
599	0
338	0
224	0
76	0
99	0
155	0
94	0
165	0
14	0
79	0
381	0
238	0
260	0
150	0
168	0
96	0
108	0
101	0
236	0
80	0
22	0
30	0
153	0
50	0
113	0
72	0
381	0
176	0
92	0
101	0
71	0
621	0
103	0
136	0
111	0
75	0
113	0
135	0
82	0
1223	0
75	0
239	0
62	0
107	0
35	0
50	0
46	0
46	0
59	0
567	0
155	0
124	0
34	0
42	0
66	0
1248	0
80	0
164	0
56	0
196	0
80	0
32	0
84	0
123	0
245	0
23	0
706	0
97	0
113	0
104	0
107	0
579	0
864	0
275	0
67	0
131	0
1115	0
142	0
75	0
107	0
211	0
158	0
24	0
183	0
82	0
0	0
48	0
34	0
197	0
317	0
111	0
213	0
37	0
136	0
240	0
152	0
110	0
25	0
99	0
1511	0
160	0
101	0
45	0
71	0
105	0
53	0
36	0
85	0
92	0
135	0
258	0
246	0
398	0
1035	0
411	1658
58	0
161	0
475	0
146	0
267	0
109	0
45	0
428	0
214	101
523	182
2108	0
30	0
25	0
159	0
139	0
45	0
68	0
167	0
56	0
12	0
6	0
72	0
60	0
73	0
137	0
912	0
36	0
171	0
2576	0
359	0
48	0
56	0
253	0
77	0
45	0
180	0
50	0
67	0
26	0
28	0
169	0
181	0
172	0
26	0
102	0
88	0
23	0
367	0
22	129
0	0
444	0
146	0
38	0
112	0
237	0
10	0
445	0
118	0
61	0
189	0
3	0
156	0
154	0
24	0
34	0
376	1
83	0
98	0
160	0
221	0
99	0
167	0
261	0
96	0
85	0
80	0
502	0
72	0
83	0
44	0
106	0
259	0
0	6873
83	0
241	0
86	0
180	0
11	0
413	0
364	0
52	0
48	0
255	0
26	0
105	0
189	0
800	0
282	0
255	0
210	0
309	0
137	0
113	0
8	0
416	0
221	0
181	0
85	0
135	0
330	0
74	0
962	0
530	0
2186	0
48	0
68	0
150	0
179	1
811	0
113	0
28	0
138	0
124	0
227	0
143	0
7	0
208	0
85	0
159	0
109	0
150	0
265	0
121	0
466	0
22	0
128	0
23	0
394	0
84	0
234	0
96	0
556	0
222	0
4	0
92	0
145	13000
77	0
133	0
200	0
60	0
74	0
284	0
208	0
164	0
168	0
31	0
151	0
177	0
305	0
386	0
157	707
346	0
157	0
140	0
83	0
45	0
434	0
161	0
224	0
153	0
167	0
161	0
68	0
291	0
19	0
498	0
163	0
98	724
13	0
2	0
52	0
66	0
27	0
105	0
213	0
109	0
5	0
16	0
1279	0
246	0
27	0
616	0
475	483
663	0
42	0
31	0
46	0
158	0
83	0
66	0
129	0
129	0
151	0
26	0
195	0
140	0
249	0
71	0
57	0
115	0
706	0
104	0
88	0
110	0
849	0
63	0
96	0
107	0
184	0
142	0
123	0
121	0
134	0
101	0
166	0
42	0
87	2000
56	0
396	0
141	0
49	0
458	0
70	0
72	0
50	0
14	0
247	0
213	0
944	0
13	0
61	0
168	0
299	0
2	0
2594	0
0	9
122	0
63	0
44	0
262	0
221	0
302	0
34	0
130	0
215	0
79	0
47	0
54	0
63	0
131	0
88	0
126	0
43	0
36	0
339	0
57	0
707	0
71	0
223	0
190	0
174	0
96	0
56	0
244	0
68	0
166	0
63	0
15	0
132	0
129	0
448	0
175	0
252	0
105	0
101	0
374	0
389	449
58	0
134	0
132	0
361	0
525	0
12	0
165	0
210	0
146	0
111	0
1746	0
62	0
37	0
83	0
365	0
68	0
116	0
105	0
72	0
126	0
123	0
119	0
141	0
60	0
62	0
71	0
269	0
439	0
173	0
169	0
183	0
98	0
60	0
200	0
79	0
278	0
66	0
179	0
54	0
82	0
39	0
23	0
157	0
548	0
24	0
754	0
251	0
71	0
60	0
9103	0
30	0
510	0
70	0
351	0
281	0
450	0
3	7
129	0
38	0
70	0
1370	0
56	0
481	0
150	0
135	0
346	0
27	0
134	0
368	0
286	0
172	0
1368	0
10	0
317	0
120	0
100	0
39	0
48	0
131	0
61	0
335	0
82	0
21	0
2252	0
50	0
70	0
190	0
299	0
262	0
258	0
90	0
129	0
18	0
53	0
1381	0
178	0
162	0
94	0
76	0
60	0
469	0
66	0
173	0
85	0
85	0
227	0
143	0
314	0
109	0
80	0
124	0
49	0
110	0
176	0
212	0
116	0
55	0
58	0
178	0
1604	0
433	0
96	0
46	0
577	0
203	0
1007	0
43	0
1575	0
455	0
1854	0
0	0
83	0
173	0
711	0
26	0
294	0
26	0
46	0
634	37
232	37
0	2
358	0
56	0
111	0
74	0
145	0
144	0
197	0
95	0
173	0
269	0
285	0
12	0
124	0
854	0
223	0
4117	0
38	0
52	0
175	0
75	0
22	0
49	0
52	0
0	0
98	0
111	0
448	0
167	0
80	0
525	0
235	0
64	0
18	0
303	0
237	0
64	0
145	0
75	0
177	0
5	6872
1	0
88	0
771	0
121	0
307	0
230	0
69	0
80	0
121	0
267	0
83	0
21	4
91	0
3033	0
32	0
29	0
102	0
298	0
1007	0
290	0
117	0
14	0
19	0
124	0
172	0
55	0
141	0
13	0
26	0
154	0
120	0
60	0
62	0
239	0
374	0
89	0
36	0
168	0
53	0
120	0
91	0
76	0
188	0
45	0
80	0
57	0
121	0
395	0
7011	129
503	0
591	0
199	0
165	2
93	1
0	0
158	0
39	0
34	0
194	0
75	0
45	0
220	0
71	0
43	0
357	0
210	0
160	0
54	0
822	0
873	16
13	0
101	0
122	0
563	0
226	0
51	0
0	0
265	0
99	0
97	0
81	0
177	0
35	0
452	0
179	0
83	0
0	6872
297	0
1934	0
133	0
60	0
162	0
206	0
58	0
1118	56
7	0
66	0
99	0
86	0
105	0
320	0
104	0
336	0
57	0
1012	0
489	0
229	0
34	0
97	0
10	0
211	0
151	0
31	0
122	0
103	0
3	0
42	0
105	0
132	0
117	0
267	0
154	0
152	0
101	0
53	0
83	0
112	0
73	0
1746	0
38	0
317	0
122	0
207	0
64	0
83	0
84	0
118	0
67	0
433	0
157	0
125	0
577	0
146	0
124	0
391	0
152	0
1199	0
45	0
76	0
67	0
75	0
174	0
107	0
176	0
284	0
85	0
47	1806
75	0
367	0
1	0
132	0
416	0
143	0
119	0
117	0
91	0
68	0
27	0
153	155
280	0
289	0
168	0
86	0
39	0
36	0
713	0
363	0
9	0
50	0
113	0
156	0
3	0
174	0
79	0
68	0
462	0
71	0
11	0
74	0
66	0
649	0
75	0
17	0
42	0
314	0
94	0
149	0
69	0
18	0
119	0
46	0
429	0
1655	0
1158	0
215	0
2008	0
73	0
54	0
490	0
293	0
144	0
111	0
458	0
99	0
295	0
134	0
46	0
1111	0
354	0
74	0
56	0
99	0
87	0
47	0
119	0
55	0
77	0
387	0
67	0
154	0
89	0
88	0
105	0
346	0
0	0
95	0
112	0
213	0
310	0
31	0
9	0
112	0
130	0
216	0
47	0
11	0
292	0
10	0
108	0
52	0
35	0
172	0
381	0
115	0
39	0
139	0
30	0
50	0
42	0
323	0
336	0
66	0
44	0
52	0
79	0
2	0
30	0
20	0
22	0
54	0
46	0
261	0
0	0
20	0
35	0
1	0
795	0
1116	0
160	0
53	0
137	0
61	0
258	0
78	0
28	0
141	0
72	0
168	0
417	0
704	0
211	0
78	0
135	0
124	0
57	0
334	0
86	0
59	0
703	0
35	0
2	0
29	0
198	0
1532	0
40	0
309	0
60	0
45	0
173	0
59	0
61	0
104	0
152	0
954	0
99	0
40	0
13	0
382	0
24	0
608	0
193	0
612	0
106	0
205	0
13	0
79	0
96	0
385	0
278	0
148	0
238	0
12	0
221	0
6	0
89	0
759	173
54	0
165	0
54	0
129	0
187	0
301	0
89	0
106	0
13	0
314	0
36	0
851	0
433	1488
39	0
191	0
116	0
123	0
43	0
170	0
315	0
38	0
162	0
88	0
1117	0
238	0
60	0
280	0
160	0
50	0
248	0
5	0
69	0
89	0
312	6
192	0
95	0
192	0
76	0
16	0
94	0
96	0
567	591
46	0
193	0
58	0
272	0
261	0
185	0
696	0
29	20
378	0
23	0
206	0
151	0
68	0
23	137
88	3
84	0
55	0
329	0
286	169
1184	134
218	0
134	0
3406	0
493	0
98	0
238	0
212	0
128	0
199	0
175	0
62	0
450	0
411	0
796	0
52	0
52	0
112	0
102	0
36	0
196	0
492	0
171	0
30	0
68	0
66	0
139	0
166	0
61	0
30	0
129	0
308	0
356	0
221	0
77	0
117	0
577	0
123	0
219	0
33	0
35	0
265	0
79	0
36	0
110	0
160	0
440	0
3	0
61	0
267	0
265	0
88	0
22	0
199	0
64	0
214	0
261	0
283	0
457	0
93	0
385	0
45	0
71	0
91	0
142	0
5000	0
341	0
389	0
0	0
217	0
102	0
43	0
28	0
50	0
37	0
167	0
179	0
103	0
155	0
45	0
1776	0
230	0
165	0
1049	0
94	0
22	0
966	0
118	0
1193	0
89	0
110	0
48	0
446	0
25	0
153	0
184	0
111	0
28	0
143	0
119	0
4	3
232	0
445	0
291	0
130	0
434	108
239	0
73	0
7	0
179	0
722	0
141	0
89	0
805	0
78	0
72	0
215	0
41	0
169	269
499	0
3427	0
699	0
187	0
164	0
492	0
181	0
166	0
384	85
530	0
48	0
24	0
23	0
127	0
22	0
207	0
25	0
1	0
63	0
47	0
174	1518
1220	0
37	0
82	0
255	0
154	0
60	0
124	0
597	0
459	0
69	0
98	0
111	0
1361	0
159	0
72	0
683	0
50	0
250	0
41	0
81	0
56	0
351	0
26	0
64	0
355	0
1351	0
267	0
254	0
57	0
161	0
203	0
99	0
317	0
138	0
309	0
26	0
263	0
103	0
197	2
299	2
236	0
46	0
29	0
81	0
88	0
112	0
81	0
386	0
31	0
80	0
87	0
72	0
116	0
882	0
116	0
29	0
363	0
77	0
159	0
545	0
46	0
153	0
755	0
39	0
496	0
227	0
142	0
347	0
767	0
105	0
99	0
421	0
129	0
137	0
425	0
354	3
359	12
447	0
38	0
7	0
101	0
15	0
160	0
71	0
65	0
134	0
101	0
73	0
349	0
428	0
21	0
129	0
488	0
103	0
145	0
103	0
61	0
79	0
92	0
53	0
64	0
12	0
343	0
28	0
153	0
148	0
10	0
194	0
157	0
82	0
25	0
145	0
63	0
249	0
339	0
259	0
1774	0
21	0
195	0
19	0
470	0
387	0
251	174
262	0
88	0
274	58
158	0
238	1092
559	0
54	0
37	0
770	0
21	0
46	0
374	0
76	0
467	0
32	0
941	0
153	0
136	0
61	0
231	0
48	0
79	0
35	0
64	0
115	0
336	0
20	0
300	0
77	0
79	0
76	0
68	0
1179	0
61	0
156	0
2154	0
79	0
328	0
72	0
58	0
38	0
236	0
32	0
217	0
632	0
209	174
61	0
774	0
5	0
131	58
19	0
208	0
288	1092
612	0
48	0
132	0
240	0
42	0
313	0
59	0
52	0
54	0
68	0
54	0
383	0
287	0
198	0
136	0
120	0
43	0
54	0
16	0
212	0
123	0
114	0
510	0
46	0
37	0
13	0
46	0
534	0
28	0
112	0
91	0
9	0
493	1614
82	0
350	0
46	0
235	0
75	0
204	0
299	0
56	0
143	0
150	0
2566	0
4	51
89	345
34	0
20	0
190	134
71	15
25	0
3	2
28	0
107	0
228	0
155	0
137	0
147	0
79	0
499	0
419	246
334	0
125	0
343	0
203	0
58	0
245	0
29	0
93	0
165	0
214	0
4	0
121	0
159	0
94	0
6	0
107	0
355	0
682	0
41	0
50	0
26	0
112	0
53	0
37	0
0	2
61	0
173	0
118	0
187	0
141	0
282	449
172	0
1483	0
63	0
99	0
89	0
24	0
355	0
172	0
88	0
65	0
801	0
31	0
36	0
331	0
128	0
842	0
68	0
206	0
35	0
99	0
278	0
23	0
161	0
33	0
112	0
358	0
51	0
157	0
76	0
129	0
100	0
4924	2265
115	0
264	0
76	0
58	0
362	0
137	0
781	0
80	0
826	0
48	0
304	0
12	0
548	0
160	0
58	0
19	0
52	0
137	0
67	0
12	0
270	0
60	0
163	0
108	0
333	0
76	0
225	0
160	0
65	0
759	0
40	0
491	0
76	0
23	0
54	0
232	0
85	0
635	16
115	0
27	0
148	0
26	0
282	0
1412	0
69	0
77	0
84	391
188	0
387	0
20	0
95	0
37	0
595	0
5	0
448	0
33	0
127	0
51	0
15	0
1008	0
351	12
51	0
37	0
37	0
49	0
94	0
806	236
108	0
547	0
24	0
100	0
111	0
132	0
11	0
10	0
23	0
0	0
508	0
66	0
55	0
201	0
62	0
112	0
187	0
92	0
171	0
139	0
13	0
102	0
602	0
137	0
46	0
21	0
249	0
277	0
73	0
83	0
610	0
315	707
132	0
171	0
147	0
47	0
128	0
116	0
16	0
78	0
46	0
37	0
114	0
94	0
241	0
20	0
204	0
130	0
83	0
66	0
613	0
654	0
6	0
101	0
74	0
56	0
31	0
94	0
33	0
18	0
30	0
123	0
196	0
82	0
33	0
107	0
87	0
94	0
36	0
36	0
228	0
31	0
21	0
471	49
